"Pipeline Section","Thrust Block Type","Item","Fitting","Angle / Size","Material","DN (mm)","Blocks","Unit","Rate","Cuts","Effective From","Rate Source / Basis","Lookup Key","Cost Rate","Margin ($)","Margin %"
"PHW","Type 1","Bend; 45 deg","Bend","45","DICL","600","8","each","114663","","2026-08-27","Item PHW-6210.01.05 (Provisional Quantity)","PHW|Type 1|Bend; 45 deg","90285.82677165355","24377.17322834645","0.21259842519685035"
"PHW","Type 2","Bend; 22.5 deg","Bend","22.5","DICL","600","1","each","99539","","2026-08-27","Item PHW-6210.02.02 (Provisional Quantity)","PHW|Type 2|Bend; 22.5 deg","78377.1653543307","21161.834645669296","0.21259842519685043"
"PHW","Type 2","Bend; 22.5+11.25 deg","Bend","22.5+11.25","DICL","600","1","each","99969","","2026-08-27","Item PHW-6210.02.04 (Provisional Quantity)","PHW|Type 2|Bend; 22.5+11.25 deg","78715.74803149606","21253.251968503944","0.21259842519685046"
"PHW","Type 2","Bend; MS - 38.2°","Bend","38.2","MSCL","650","1","each","104391","2","2026-08-27","Item PHW-6210.02.10c (Provisional Quantity)","PHW|Type 2|Bend; MS - 38.2°","82197.63779527559","22193.362204724413","0.21259842519685043"
"PHW","Type 3","Bend; 45 deg","Bend","45","DICL","600","4","each","16755","","2026-08-27","Item PHW-6210.03.05 (Provisional Quantity)","PHW|Type 3|Bend; 45 deg","13192.913385826772","3562.0866141732276","0.21259842519685035"
"PHW","Type 3","Bend; MS - 43.2°","Bend","43.2","MSCL","650","1","each","26944","2","2026-08-27","Item PHW-6210.03.10c (Provisional Quantity) — covers 47.1° & 43.2° cuts","PHW|Type 3|Bend; MS - 43.2°","21215.748031496063","5728.251968503937","0.2125984251968504"
"PHW","Type 3","Bend; MS - 47.1°","Bend","47.1","MSCL","650","1","each","26944","2","2026-08-27","Item PHW-6210.03.10c (Provisional Quantity) — covers 47.1° & 43.2° cuts","PHW|Type 3|Bend; MS - 47.1°","21215.748031496063","5728.251968503937","0.2125984251968504"
"PHW","Type 4","Bend; 11.25 deg","Bend","11.25","DICL","600","2","each","15563","","2026-08-27","Item PHW-6210.04.01 (Provisional Quantity)","PHW|Type 4|Bend; 11.25 deg","12254.330708661417","3308.669291338583","0.21259842519685043"
"PHW","Type 4","Bend; 22.5 deg","Bend","22.5","DICL","600","4","each","15780","","2026-08-27","Item PHW-6210.04.02 (Provisional Quantity)","PHW|Type 4|Bend; 22.5 deg","12425.1968503937","3354.8031496062995","0.2125984251968504"
"PHW","Type 4","Bend; 22.5+11.25 deg","Bend","22.5+11.25","DICL","600","2","each","18443","","2026-08-27","Item PHW-6210.04.04 (Provisional Quantity)","PHW|Type 4|Bend; 22.5+11.25 deg","14522.047244094489","3920.9527559055114","0.21259842519685038"
"PHW","Type 4","Bend; 45 deg","Bend","45","DICL","600","5","each","16211","","2026-08-27","Item PHW-6210.04.05 (Provisional Quantity)","PHW|Type 4|Bend; 45 deg","12764.566929133858","3446.433070866142","0.2125984251968504"
"PHW","Type 4","Bend; MS - 13.9°","Bend","13.9","MSCL","650","1","each","20678","2","2026-08-27","Item PHW-6210.04.10c (Provisional Quantity) — covers 30° & 13.9° cuts; BoQ qty=1 vs 2 register rows — verify","PHW|Type 4|Bend; MS - 13.9°","16281.889763779527","4396.110236220473","0.2125984251968504"
"PHW","Type 4","Bend; MS - 30°","Bend","30","MSCL","650","1","each","20678","2","2026-08-27","Item PHW-6210.04.10c (Provisional Quantity) — covers 30° & 13.9° cuts; BoQ qty=1 vs 2 register rows — verify","PHW|Type 4|Bend; MS - 30°","16281.889763779527","4396.110236220473","0.2125984251968504"
"PHW","Type 5","Bend; 22.5 deg","Bend","22.5","DICL","600","9","each","14784","","2026-08-27","Item PHW-6210.05.02 (Provisional Quantity)","PHW|Type 5|Bend; 22.5 deg","11640.944881889764","3143.0551181102364","0.2125984251968504"
"PHW","Type 5","Bend; 22.5+11.25 deg","Bend","22.5+11.25","DICL","600","2","each","15214","","2026-08-27","Item PHW-6210.02.04 PQ.2 (Provisional Quantity) — listed under Type 5 in source schedule","PHW|Type 5|Bend; 22.5+11.25 deg","11979.527559055117","3234.4724409448827","0.21259842519685046"
"PHW","Type 6","Bend; 11.25 deg","Bend","11.25","DICL","600","7","each","14743","","2026-08-27","Item PHW-6210.06.01 (Provisional Quantity)","PHW|Type 6|Bend; 11.25 deg","11608.661417322834","3134.3385826771664","0.21259842519685046"
"PHW","Type 6","Bend; MS - 10°","Bend","10","MSCL","650","1","each","19811","1","2026-08-27","Item PHW-6210.06.10c (Provisional Quantity)","PHW|Type 6|Bend; MS - 10°","15599.212598425196","4211.787401574804","0.21259842519685043"
"PHW","Type 6","Tee; DN600XDN150 DIFBE SCOUR TEE","Tee","DN600xDN150 DIFBE SCOUR TEE","","150","3","each","","","","","PHW|Type 6|Tee; DN600XDN150 DIFBE SCOUR TEE","0","",""
"PHW","Type 7","Bend; 11.25 deg","Bend","11.25","DICL","600","14","each","14150","","2026-08-27","Item PHW-6210.07.01 (Provisional Quantity)","PHW|Type 7|Bend; 11.25 deg","11141.732283464567","3008.2677165354326","0.21259842519685035"
"PHW","Type 7","Bend; MS - 7.7°","Bend","7.7","MSCL","650","1","each","19220","1","2026-08-27","Item PHW-6210.07.10c (Provisional Quantity) — covers 9.9° & 7.7° cuts","PHW|Type 7|Bend; MS - 7.7°","15133.858267716536","4086.141732283464","0.21259842519685038"
"PHW","Type 7","Bend; MS - 9.1°","Bend","9.1","MSCL","650","1","each","19220","1","2026-08-27","Item PHW-6210.07.10c (Provisional Quantity) — covers 9.9° & 7.7° cuts","PHW|Type 7|Bend; MS - 9.1°","15133.858267716536","4086.141732283464","0.21259842519685038"
"PHW","Type 7","Tee; DN600XDN150 DIFBE SCOUR TEE","Tee","DN600xDN150 DIFBE SCOUR TEE","","150","13","each","","","","","PHW|Type 7|Tee; DN600XDN150 DIFBE SCOUR TEE","0","",""
"PHW","Type 8","Bend; 11.25 deg","Bend","11.25","DICL","600","1","each","14024","","2026-08-27","Item PHW-6210.08.01 (Provisional Quantity)","PHW|Type 8|Bend; 11.25 deg","11042.51968503937","2981.4803149606305","0.21259842519685043"
"PHW","Type 9","Bend; 11.25 deg","Bend","11.25","DICL","600","4","each","14347","","2026-08-27","Item PHW-6210.09.01 (Provisional Quantity)","PHW|Type 9|Bend; 11.25 deg","11296.850393700788","3050.149606299212","0.21259842519685035"
"PHW","Type 10","Bend; 11.25 deg","Bend","11.25","DICL","600","2","each","44440","","2026-08-27","Item PHW-6210.10.01 (Provisional Quantity)","PHW|Type 10|Bend; 11.25 deg","34992.125984251965","9447.874015748035","0.2125984251968505"
"PHW","Type 10","Bend; MS - 7.5°","Bend","7.5","MSCL","650","1","each","49509","1","2026-08-27","Item PHW-6210.10.02 (Provisional Quantity) — covers 7.5°, 8.6° & 13.9° cuts; BoQ qty=3 vs 2 register rows — verify","PHW|Type 10|Bend; MS - 7.5°","38983.464566929135","10525.535433070865","0.21259842519685038"
"PHW","Type 10","Bend; MS - 8.6°","Bend","8.6","MSCL","650","1","each","49509","1","2026-08-27","Item PHW-6210.10.02 (Provisional Quantity) — covers 7.5°, 8.6° & 13.9° cuts; BoQ qty=3 vs 2 register rows — verify","PHW|Type 10|Bend; MS - 8.6°","38983.464566929135","10525.535433070865","0.21259842519685038"
"PHW","Type 12","Isolation valve","Isolation Valve","","","600","5","each","","","","","PHW|Type 12|Isolation valve","0","",""
"PHW","Type 14","In-line","In-Line","","","600","2","each","","","","","PHW|Type 14|In-line","0","",""
"PHW","2 x Type 12","Pigging station","Pigging Station","","","600","4","each","","","","","PHW|2 x Type 12|Pigging station","0","",""
"PPH","Type 5","Bend; 45 deg","Bend","45","DICL","500","6","each","","","","","PPH|Type 5|Bend; 45 deg","0","",""
"PPH","Type 5","Bend; 45+11.25 deg","Bend","45+11.25","DICL","500","1","each","","","","","PPH|Type 5|Bend; 45+11.25 deg","0","",""
"PPH","Type 6","Tee; OD813XOD559 MSCL TEE","Tee","OD813xOD559 MSCL TEE","","750","1","each","","","","","PPH|Type 6|Tee; OD813XOD559 MSCL TEE","0","",""
"PPH","Type 7","Tee; DN500XDN150 DIFBE SCOUR TEE","Tee","DN500xDN150 DIFBE SCOUR TEE","","150","2","each","","","","","PPH|Type 7|Tee; DN500XDN150 DIFBE SCOUR TEE","0","",""
"PPH","Type 13","Isolation valve","Isolation Valve","","","500","2","each","","","","","PPH|Type 13|Isolation valve","0","",""
"PWG","Type 4","Bend; 22.5+11.25 deg","Bend","22.5+11.25","DICL","375","1","each","15185","","2026-08-27","Item PWG-6200.04.03 (Provisional Quantity)","PWG|Type 4|Bend; 22.5+11.25 deg","11956.692913385827","3228.3070866141734","0.2125984251968504"
"PWG","Type 4","Bend; 45 deg","Bend","45","DICL","375","1","each","14280","","2026-08-27","Item PWG-6200.04.05 (Provisional Quantity)","PWG|Type 4|Bend; 45 deg","11244.094488188975","3035.9055118110246","0.21259842519685046"
"PWG","Type 5","Bend; 22.5 deg","Bend","22.5","DICL","375","6","each","13107","","2026-08-27","Item PWG-6200.05.02 (Provisional Quantity)","PWG|Type 5|Bend; 22.5 deg","10320.47244094488","2786.527559055119","0.21259842519685046"
"PWG","Type 5","Bend; 45 deg","Bend","45","DICL","375","8","each","13282","","2026-08-27","Item PWG-6200.05.05 (Provisional Quantity)","PWG|Type 5|Bend; 45 deg","10458.267716535433","2823.7322834645674","0.21259842519685043"
"PWG","Type 6","Bend; 11.25 deg","Bend","11.25","DICL","375","2","each","13159","","2026-08-27","Item PWG-6200.06.01 (Provisional Quantity)","PWG|Type 6|Bend; 11.25 deg","10361.417322834646","2797.5826771653537","0.21259842519685035"
"PWG","Type 6","Bend; 22.5 deg","Bend","22.5","DICL","375","3","each","13283","","2026-08-27","Item PWG-6200.06.02 (Provisional Quantity)","PWG|Type 6|Bend; 22.5 deg","10459.055118110236","2823.9448818897636","0.21259842519685038"
"PWG","Type 6","Bend; 22.5+11.25 deg","Bend","22.5+11.25","DICL","375","3","each","14363","","2026-08-27","Item PWG-6200.06.04 (Provisional Quantity)","PWG|Type 6|Bend; 22.5+11.25 deg","11309.448818897637","3053.5511811023625","0.2125984251968504"
"PWG","Type 6","Bend; 45 deg","Bend","45","DICL","375","6","each","13458","","2026-08-27","Item PWG-6200.06.05 (Provisional Quantity); BoQ qty=8 vs register I=6 — verify","PWG|Type 6|Bend; 45 deg","10596.850393700788","2861.149606299212","0.21259842519685035"
"PWG","Type 6","Bend; MS - 31.9°","Bend","31.9","MSCL","450","1","each","22689","2","2026-08-27","Item PWG-6200.06.10b (Provisional Quantity) — covers 22.6°–45° range (31.9° & 37.4° cuts)","PWG|Type 6|Bend; MS - 31.9°","17865.354330708662","4823.645669291338","0.21259842519685038"
"PWG","Type 6","Bend; MS - 37.4°","Bend","37.4","MSCL","450","1","each","22689","2","2026-08-27","Item PWG-6200.06.10b (Provisional Quantity) — covers 22.6°–45° range (31.9° & 37.4° cuts)","PWG|Type 6|Bend; MS - 37.4°","17865.354330708662","4823.645669291338","0.21259842519685038"
"PWG","Type 6","Tee; DN375XDN150 DIFBE SCOUR TEE","Tee","DN375xDN150 DIFBE SCOUR TEE","","150","2","each","","","","","PWG|Type 6|Tee; DN375XDN150 DIFBE SCOUR TEE","0","",""
"PWG","Type 7","Bend; 11.25 deg","Bend","11.25","DICL","375","46","each","12566","","2026-08-27","Item PWG-6200.07.01 (Provisional Quantity)","PWG|Type 7|Bend; 11.25 deg","9894.488188976378","2671.5118110236217","0.21259842519685038"
"PWG","Type 7","Bend; 22.5 deg","Bend","22.5","DICL","375","11","each","12690","","2026-08-27","Item PWG-6200.07.02 (Provisional Quantity)","PWG|Type 7|Bend; 22.5 deg","9992.125984251968","2697.8740157480315","0.2125984251968504"
"PWG","Type 7","Tee; DN375XDN150 DIFBE SCOUR TEE","Tee","DN375xDN150 DIFBE SCOUR TEE","","150","21","each","","","","","PWG|Type 7|Tee; DN375XDN150 DIFBE SCOUR TEE","0","",""
"PWG","Type 9","Bend; 11.25 deg","Bend","11.25","DICL","375","4","each","12764","","2026-08-27","Item PWG-6200.09.01 (Provisional Quantity)","PWG|Type 9|Bend; 11.25 deg","10050.393700787401","2713.606299212599","0.21259842519685043"
"PWG","Type 9","Bend; MS - 8.9°","Bend","8.9","MSCL","450","1","each","12887","1","2026-08-27","Item PWG-6200.09.10a (Provisional Quantity)","PWG|Type 9|Bend; MS - 8.9°","10147.24409448819","2739.755905511811","0.21259842519685038"
"PWG","Type 10","Bend; MS - 10.3°","Bend","10.3","MSCL","450","1","each","49855","1","2026-08-27","Item PWG-6200.10.10a (Provisional Quantity) — covers up to 22.5° bracket (10.3° & 10.6° cuts)","PWG|Type 10|Bend; MS - 10.3°","39255.90551181103","10599.094488188974","0.21259842519685035"
"PWG","Type 10","Bend; MS - 10.6°","Bend","10.6","MSCL","450","1","each","49855","1","2026-08-27","Item PWG-6200.10.10a (Provisional Quantity) — covers up to 22.5° bracket (10.3° & 10.6° cuts)","PWG|Type 10|Bend; MS - 10.6°","39255.90551181103","10599.094488188974","0.21259842519685035"
"PWG","Type 11","Bend; 11.25 deg","Bend","11.25","DICL","375","4","each","28674","","2026-08-27","Item PWG-6200.11.01 (Provisional Quantity); BoQ qty=3 vs register I=4 — verify","PWG|Type 11|Bend; 11.25 deg","22577.952755905513","6096.047244094487","0.21259842519685035"
"PWG","Type 11","Bend; MS - 10.1°","Bend","10.1","MSCL","450","1","each","35673","1","2026-08-27","Item PWG-6200.11.10a (Provisional Quantity) — covers up to 22.5° bracket (10.1° & 8.9° cuts)","PWG|Type 11|Bend; MS - 10.1°","28088.976377952757","7584.023622047243","0.21259842519685038"
"PWG","Type 11","Bend; MS - 8.9°","Bend","8.9","MSCL","450","1","each","35673","1","2026-08-27","Item PWG-6200.11.10a (Provisional Quantity) — covers up to 22.5° bracket (10.1° & 8.9° cuts)","PWG|Type 11|Bend; MS - 8.9°","28088.976377952757","7584.023622047243","0.21259842519685038"
"PWG","Type 12","Isolation valve","Isolation Valve","","","375","1","each","","","","","PWG|Type 12|Isolation valve","","",""
"PWG","Type 13","Isolation valve","Isolation Valve","","","375","5","each","","","","","PWG|Type 13|Isolation valve","","",""
"PWG","2 x Type 13","Pigging station","Pigging Station","","","375","6","each","","","","","PWG|2 x Type 13|Pigging station","","",""
"RHF","RHF TYPE 1","Facility thrust block","Facility","","","","5","each","","","","","RHF|RHF TYPE 1|Facility thrust block","","",""
"RHF","TYPE 1","Facility thrust block","Facility","","","","1","each","","","","","RHF|TYPE 1|Facility thrust block","","",""
"RHF","RHF TYPE 2","Facility thrust block","Facility","","","","2","each","","","","","RHF|RHF TYPE 2|Facility thrust block","","",""
"RHF","RHF TYPE 3","Facility thrust block","Facility","","","","1","each","","","","","RHF|RHF TYPE 3|Facility thrust block","","",""
"RHF","RHF TYPE 4","Facility thrust block","Facility","","","","4","each","","","","","RHF|RHF TYPE 4|Facility thrust block","","",""
