"Col2","Located","C&G","TRENCH","Surveyors PtNo","E","N","Z","Survey Code","Actual Chainage","Col13","Asset Id","Drawing","Pipeline Section","KP","Utility Type","Notes , Not on Plan","Operator","Location","Material","Size (mm)","ID","Proven to Underside of Service","Test Point","C&G Code","Trench Code","Proposed Crossing Method","Parallel or Crossed","Design Drawing","DBYD SEQ","Separation (m) (Minimum 600mm clearance to underside of asse","Asset DOC (m)","Pipeline DOC (m)","Depth to Underside of Asset (m)","Crossover","Within","Permit to Excavate Near Assets Required?","Permit/Notification Date"
"","","","","","","","","","","PHW","PHW-TS-0001","D-DWG-PHW-001","1.1","188","Trench Stop","","","","","","","","","","","","","","","","","","","","","",""
"","","","","","","","","","","PHW","PHW-TS-0002","D-DWG-PHW-001","1.1","197.4","Trench Stop","","","","","","","","","","","","","","","","","","","","","",""
"","","","","","","","","","","PHW","PHW-TS-0003","D-DWG-PHW-001","1.1","206.8","Trench Stop","","","","","","","","","","","","","","","","","","","","","",""
"","","","","","","","","","","PHW","PHW-TS-0004","D-DWG-PHW-001","1.1","216.2","Trench Stop","","","","","","","","","","","","","","","","","","","","","",""
"","","","","","","","","","","PHW","PHW-TS-0005","D-DWG-PHW-001","1.1","225.6","Trench Stop","","","","","","","","","","","","","","","","","","","","","",""
"","","","","","","","","","","PHW","PHW-TS-0006","D-DWG-PHW-001","1.1","235","Trench Stop","","","","","","","","","","","","","","","","","","","","","",""
"","","","","","","","","","","PHW","PHW-TS-0007","D-DWG-PHW-001","1.1","244.4","Trench Stop","","","","","","","","","","","","","","","","","","","","","",""
"","","","","","","","","","","PHW","PHW-TS-0008","D-DWG-PHW-001","1.1","253.8","Trench Stop","","","","","","","","","","","","","","","","","","","","","",""
"","","","","","","","","","","PHW","PHW-TS-0009","D-DWG-PHW-001","1.1","259","Trench Stop","","","","","","","","","","","","","","","","","","","","","",""
"","","","","","","","","","","PHW","PHW-TS-0010","D-DWG-PHW-001","1.1","266.5","Trench Stop","","","","","","","","","","","","","","","","","","","","","",""
"","","","","","","","","","","PHW","PHW-TS-0011","D-DWG-PHW-001","1.1","274","Trench Stop","","","","","","","","","","","","","","","","","","","","","",""
"","","","","","","","","","","PHW","PHW-TS-0012","D-DWG-PHW-001","1.1","281.5","Trench Stop","","","","","","","","","","","","","","","","","","","","","",""
"","","","","","","","","","","PHW","PHW-TS-0013","D-DWG-PHW-001","1.1","289","Trench Stop","","","","","","","","","","","","","","","","","","","","","",""
"","","","","","","","","","","PHW","PHW-TS-0014","D-DWG-PHW-001","1.1","296.5","Trench Stop","","","","","","","","","","","","","","","","","","","","","",""
"","","","","","","","","","","PHW","PHW-TS-0015","D-DWG-PHW-001","1.1","304","Trench Stop","","","","","","","","","","","","","","","","","","","","","",""
"","","","","","","","","","","PHW","PHW-TS-0016","D-DWG-PHW-001","1.1","311.5","Trench Stop","","","","","","","","","","","","","","","","","","","","","",""
"","","","","","","","","","","PHW","PHW-TS-0017","D-DWG-PHW-001","1.1","319","Trench Stop","","","","","","","","","","","","","","","","","","","","","",""
"","","","","","","","","","","PHW","PHW-TS-0018","D-DWG-PHW-001","1.1","326.5","Trench Stop","","","","","","","","","","","","","","","","","","","","","",""
"","","","","","","","","","","PHW","PHW-TS-0019","D-DWG-PHW-001","1.2","448","Trench Stop","","","","","","","","","","","","","","","","","","","","","",""
"","","","","","","","","","","PHW","PHW-TS-0020","D-DWG-PHW-001","1.3","463","Trench Stop","","","","","","","","","","","","","","","","","","","","","",""
"","","","","","","","","","","PHW","PHW-TS-0021","D-DWG-PHW-001","1.3","471.4","Trench Stop","","","","","","","","","","","","","","","","","","","","","",""
"","","","","","","","","","","PHW","PHW-TS-0022","D-DWG-PHW-001","1.3","479.8","Trench Stop","","","","","","","","","","","","","","","","","","","","","",""
"","","","","","","","","","","PHW","PHW-TS-0023","D-DWG-PHW-001","1.4","486.1","Trench Stop","","","","","","","","","","","","","","","","","","","","","",""
"","","","","","","","","","","PHW","PHW-BS-0001","D-DWG-PHW-001","1.4","492.5","Bulk Head ","","","","","","","","","","","","","","","","","","","","","",""
"","","","","","","","","","","PHW","PHW-TS-0024","D-DWG-PHW-001","1.4","498.9","Trench Stop","","","","","","","","","","","","","","","","","","","","","",""
"","","","","","","","","","","PHW","PHW-TS-0025","D-DWG-PHW-001","1.4","505.3","Trench Stop","","","","","","","","","","","","","","","","","","","","","",""
"","","","","","","","","","","PHW","PHW-TS-0026","D-DWG-PHW-001","1.4","511.7","Trench Stop","","","","","","","","","","","","","","","","","","","","","",""
"","","","","","","","","","","PHW","PHW-BS-0002","D-DWG-PHW-001","1.4","518.1","Bulk Head ","","","","","","","","","","","","","","","","","","","","","",""
"","","","","","","","","","","PHW","PHW-TS-0027","D-DWG-PHW-001","1.4","524.5","Trench Stop","","","","","","","","","","","","","","","","","","","","","",""
"","","","","","","","","","","PHW","PHW-TS-0028","D-DWG-PHW-001","1.5","531.2","Trench Stop","","","","","","","","","","","","","","","","","","","","","",""
"","","","","","","","","","","PHW","PHW-BS-0003","D-DWG-PHW-001","1.5","536.1","Bulk Head ","","","","","","","","","","","","","","","","","","","","","",""
"","","","","","","","","","","PHW","PHW-TS-0029","D-DWG-PHW-001","1.5","541","Trench Stop","","","","","","","","","","","","","","","","","","","","","",""
"","","","","","","","","","","PHW","PHW-TS-0030","D-DWG-PHW-001","1.5","545.9","Trench Stop","","","","","","","","","","","","","","","","","","","","","",""
"","","","","","","","","","","PHW","PHW-TS-0031","D-DWG-PHW-001","1.5","550.8","Trench Stop","","","","","","","","","","","","","","","","","","","","","",""
"","","","","","","","","","","PHW","PHW-BS-0004","D-DWG-PHW-001","1.5","553.25","Bulk Head ","","","","","","","","","","","","","","","","","","","","","",""
"","","","","","","","","","","PHW","PHW-TS-0032","D-DWG-PHW-001","1.5","555.7","Trench Stop","","","","","","","","","","","","","","","","","","","","","",""
"","","","","","","","","","","PHW","PHW-TS-0033","D-DWG-PHW-001","1.5","560.6","Trench Stop","","","","","","","","","","","","","","","","","","","","","",""
"","","","","","","","","","","PHW","PHW-TS-0034","D-DWG-PHW-001","1.5","565.5","Trench Stop","","","","","","","","","","","","","","","","","","","","","",""
"","","","","","","","","","","PHW","PHW-BS-0005","D-DWG-PHW-001","1.5","570.4","Bulk Head ","","","","","","","","","","","","","","","","","","","","","",""
"","","","","","","","","","","PHW","PHW-TS-0035","D-DWG-PHW-001","1.5","575.3","Trench Stop","","","","","","","","","","","","","","","","","","","","","",""
"","","","","","","","","","","PHW","PHW-TS-0036","D-DWG-PHW-001","1.6","577","Trench Stop","","","","","","","","","","","","","","","","","","","","","",""
"","","","","","","","","","","PHW","PHW-TS-0037","D-DWG-PHW-001","1.6","582.9","Trench Stop","","","","","","","","","","","","","","","","","","","","","",""
"","","","","","","","","","","PHW","PHW-TS-0038","D-DWG-PHW-001","1.6","588.8","Trench Stop","","","","","","","","","","","","","","","","","","","","","",""
"","","","","","","","","","","PHW","PHW-TS-0039","D-DWG-PHW-001","1.7","608.5","Trench Stop","","","","","","","","","","","","","","","","","","","","","",""
"","","","","","","","","","","PHW","PHW-TS-0040","D-DWG-PHW-001","1.7","618.7","Trench Stop","","","","","","","","","","","","","","","","","","","","","",""
"","","","","","","","","","","PHW","PHW-TS-0041","D-DWG-PHW-001","1.7","628.9","Trench Stop","","","","","","","","","","","","","","","","","","","","","",""
"","","","","","","","","","","PHW","PHW-TS-0042","D-DWG-PHW-001","1.8","635.5","Trench Stop","","","","","","","","","","","","","","","","","","","","","",""
"","","","","","","","","","","PHW","PHW-TS-0043","D-DWG-PHW-001","1.8","642.3","Trench Stop","","","","","","","","","","","","","","","","","","","","","",""
"","","","","","","","","","","PHW","PHW-TS-0044","D-DWG-PHW-001","1.8","649.1","Trench Stop","","","","","","","","","","","","","","","","","","","","","",""
"","","","","","","","","","","PHW","PHW-TS-0045","D-DWG-PHW-001","1.8","655.9","Trench Stop","","","","","","","","","","","","","","","","","","","","","",""
"","","","","","","","","","","PHW","PHW-TS-0046","D-DWG-PHW-001","1.9","662","Trench Stop","","","","","","","","","","","","","","","","","","","","","",""
"","","","","","","","","","","PHW","PHW-BS-0006","D-DWG-PHW-001","1.9","666.3","Bulk Head ","","","","","","","","","","","","","","","","","","","","","",""
"","","","","","","","","","","PHW","PHW-TS-0047","D-DWG-PHW-001","1.9","670.6","Trench Stop","","","","","","","","","","","","","","","","","","","","","",""
"","","","","","","","","","","PHW","PHW-TS-0048","D-DWG-PHW-001","1.9","674.9","Trench Stop","","","","","","","","","","","","","","","","","","","","","",""
"","","","","","","","","","","PHW","PHW-TS-0049","D-DWG-PHW-001","1.9","679.2","Trench Stop","","","","","","","","","","","","","","","","","","","","","",""
"","","","","","","","","","","PHW","PHW-BS-0007","D-DWG-PHW-001","1.9","681.35","Bulk Head ","","","","","","","","","","","","","","","","","","","","","",""
"","","","","","","","","","","PHW","PHW-TS-0050","D-DWG-PHW-001","1.9","683.5","Trench Stop","","","","","","","","","","","","","","","","","","","","","",""
"","","","","","","","","","","PHW","PHW-TS-0051","D-DWG-PHW-001","1.9","687.8","Trench Stop","","","","","","","","","","","","","","","","","","","","","",""
"","","","","","","","","","","PHW","PHW-TS-0052","D-DWG-PHW-001","1.9","692.1","Trench Stop","","","","","","","","","","","","","","","","","","","","","",""
"","","","","","","","","","","PHW","PHW-TS-0053","D-DWG-PHW-001","1.9","696.4","Trench Stop","","","","","","","","","","","","","","","","","","","","","",""
"","","","","","","","","","","PHW","PHW-BS-0008","D-DWG-PHW-002","1.9","700.7","Bulk Head ","","","","","","","","","","","","","","","","","","","","","",""
"","","","","","","","","","","PHW","PHW-TS-0054","D-DWG-PHW-002","1.9","705","Trench Stop","","","","","","","","","","","","","","","","","","","","","",""
"","","","","","","","","","","PHW","PHW-TS-0055","D-DWG-PHW-002","1.9","709.3","Trench Stop","","","","","","","","","","","","","","","","","","","","","",""
"","","","","","","","","","","PHW","PHW-TS-0056","D-DWG-PHW-002","1.9","713.6","Trench Stop","","","","","","","","","","","","","","","","","","","","","",""
"","","","","","","","","","","PHW","PHW-BS-0009","D-DWG-PHW-002","1.9","717.899999999999","Bulk Head ","","","","","","","","","","","","","","","","","","","","","",""
"","","","","","","","","","","PHW","PHW-TS-0057","D-DWG-PHW-002","1.9","722.199999999999","Trench Stop","","","","","","","","","","","","","","","","","","","","","",""
"","","","","","","","","","","PHW","PHW-TS-0058","D-DWG-PHW-002","2.1","729","Trench Stop","","","","","","","","","","","","","","","","","","","","","",""
"","","","","","","","","","","PHW","PHW-BS-0010","D-DWG-PHW-002","2.1","731.5","Bulk Head ","","","","","","","","","","","","","","","","","","","","","",""
"","","","","","","","","","","PHW","PHW-TS-0059","D-DWG-PHW-002","2.1","734","Trench Stop","","","","","","","","","","","","","","","","","","","","","",""
"","","","","","","","","","","PHW","PHW-TS-0060","D-DWG-PHW-002","2.3","742","Trench Stop","","","","","","","","","","","","","","","","","","","","","",""
"","","","","","","","","","","PHW","PHW-TS-0061","D-DWG-PHW-002","2.3","749","Trench Stop","","","","","","","","","","","","","","","","","","","","","",""
"","","","","","","","","","","PHW","PHW-TS-0062","D-DWG-PHW-002","2.4","892","Trench Stop","","","","","","","","","","","","","","","","","","","","","",""
"","","","","","","","","","","PHW","PHW-TS-0063","D-DWG-PHW-002","2.5","899","Trench Stop","","","","","","","","","","","","","","","","","","","","","",""
"","","","","","","","","","","PHW","PHW-TS-0064","D-DWG-PHW-002","2.5","903.6","Trench Stop","","","","","","","","","","","","","","","","","","","","","",""
"","","","","","","","","","","PHW","PHW-BS-0011","D-DWG-PHW-002","2.5","908.2","Bulk Head ","","","","","","","","","","","","","","","","","","","","","",""
"","","","","","","","","","","PHW","PHW-TS-0065","D-DWG-PHW-002","2.5","912.8","Trench Stop","","","","","","","","","","","","","","","","","","","","","",""
"","","","","","","","","","","PHW","PHW-TS-0066","D-DWG-PHW-002","2.5","917.4","Trench Stop","","","","","","","","","","","","","","","","","","","","","",""
"","","","","","","","","","","PHW","PHW-TS-0067","D-DWG-PHW-002","2.5","922","Trench Stop","","","","","","","","","","","","","","","","","","","","","",""
"","","","","","","","","","","PHW","PHW-BS-0012","D-DWG-PHW-002","2.5","926.6","Bulk Head ","","","","","","","","","","","","","","","","","","","","","",""
"","","","","","","","","","","PHW","PHW-TS-0068","D-DWG-PHW-002","2.5","931.2","Trench Stop","","","","","","","","","","","","","","","","","","","","","",""
"","","","","","","","","","","PHW","PHW-TS-0069","D-DWG-PHW-002","2.5","935.8","Trench Stop","","","","","","","","","","","","","","","","","","","","","",""
"","","","","","","","","","","PHW","PHW-TS-0070","D-DWG-PHW-002","2.5","940.4","Trench Stop","","","","","","","","","","","","","","","","","","","","","",""
"","","","","","","","","","","PHW","PHW-BS-0013","D-DWG-PHW-002","2.5","945","Bulk Head ","","","","","","","","","","","","","","","","","","","","","",""
"","","","","","","","","","","PHW","PHW-TS-0071","D-DWG-PHW-002","2.5","949.6","Trench Stop","","","","","","","","","","","","","","","","","","","","","",""
"","","","","","","","","","","PHW","PHW-TS-0072","D-DWG-PHW-002","2.5","954.2","Trench Stop","","","","","","","","","","","","","","","","","","","","","",""
"","","","","","","","","","","PHW","PHW-TS-0073","D-DWG-PHW-002","","964","Trench Stop","","","","","","","","","","","","","","","","","","","","","",""
"","","","","","","","","","","PHW","PHW-TS-0074","D-DWG-PHW-002","","967.6","Trench Stop","","","","","","","","","","","","","","","","","","","","","",""
"","","","","","","","","","","PHW","PHW-BS-0014","D-DWG-PHW-002","","971.2","Bulk Head ","","","","","","","","","","","","","","","","","","","","","",""
"","","","","","","","","","","PHW","PHW-TS-0075","D-DWG-PHW-002","","974.8","Trench Stop","","","","","","","","","","","","","","","","","","","","","",""
"","","","","","","","","","","PHW","PHW-TS-0076","D-DWG-PHW-002","","978.4","Trench Stop","","","","","","","","","","","","","","","","","","","","","",""
"","","","","","","","","","","PHW","PHW-TS-0077","D-DWG-PHW-002","","982","Trench Stop","","","","","","","","","","","","","","","","","","","","","",""
"","","","","","","","","","","PHW","PHW-BS-0015","D-DWG-PHW-002","","985.6","Bulk Head ","","","","","","","","","","","","","","","","","","","","","",""
"","","","","","","","","","","PHW","PHW-TS-0078","D-DWG-PHW-002","","989.2","Trench Stop","","","","","","","","","","","","","","","","","","","","","",""
"","","","","","","","","","","PHW","PHW-TS-0079","D-DWG-PHW-002","","992.8","Trench Stop","","","","","","","","","","","","","","","","","","","","","",""
"","","","","","","","","","","PHW","PHW-TS-0080","D-DWG-PHW-002","","1000.5","Trench Stop","","","","","","","","","","","","","","","","","","","","","",""
"","","","","","","","","","","PHW","PHW-TS-0081","D-DWG-PHW-002","","1005","Trench Stop","","","","","","","","","","","","","","","","","","","","","",""
"","","","","","","","","","","PHW","PHW-BS-0016","D-DWG-PHW-002","","1007.25","Bulk Head ","","","","","","","","","","","","","","","","","","","","","",""
"","","","","","","","","","","PHW","PHW-TS-0082","D-DWG-PHW-002","","1009.5","Trench Stop","","","","","","","","","","","","","","","","","","","","","",""
"","","","","","","","","","","PHW","PHW-TS-0083","D-DWG-PHW-002","","1014","Trench Stop","","","","","","","","","","","","","","","","","","","","","",""
"","","","","","","","","","","PHW","PHW-TS-0084","D-DWG-PHW-002","","1020.5","Trench Stop","","","","","","","","","","","","","","","","","","","","","",""
"","","","","","","","","","","PHW","PHW-TS-0085","D-DWG-PHW-002","","1024.9","Trench Stop","","","","","","","","","","","","","","","","","","","","","",""
"","","","","","","","","","","PHW","PHW-BS-0017","D-DWG-PHW-002","","1029.3","Bulk Head ","","","","","","","","","","","","","","","","","","","","","",""
"","","","","","","","","","","PHW","PHW-TS-0086","D-DWG-PHW-002","","1033.7","Trench Stop","","","","","","","","","","","","","","","","","","","","","",""
"","","","","","","","","","","PHW","PHW-TS-0087","D-DWG-PHW-002","","1038.1","Trench Stop","","","","","","","","","","","","","","","","","","","","","",""
"","","","","","","","","","","PHW","PHW-TS-0088","D-DWG-PHW-002","","1042.5","Trench Stop","","","","","","","","","","","","","","","","","","","","","",""
"","","","","","","","","","","PHW","PHW-BS-0018","D-DWG-PHW-002","","1046.9","Bulk Head ","","","","","","","","","","","","","","","","","","","","","",""
"","","","","","","","","","","PHW","PHW-TS-0089","D-DWG-PHW-002","","1051.3","Trench Stop","","","","","","","","","","","","","","","","","","","","","",""
"","","","","","","","","","","PHW","PHW-TS-0090","D-DWG-PHW-002","","1055.7","Trench Stop","","","","","","","","","","","","","","","","","","","","","",""
"","","","","","","","","","","PHW","PHW-TS-0091","D-DWG-PHW-002","","1060","Trench Stop","","","","","","","","","","","","","","","","","","","","","",""
"","","","","","","","","","","PHW","PHW-BS-0019","D-DWG-PHW-002","","1065","Bulk Head ","","","","","","","","","","","","","","","","","","","","","",""
"","","","","","","","","","","PHW","PHW-TS-0092","D-DWG-PHW-002","","1070","Trench Stop","","","","","","","","","","","","","","","","","","","","","",""
"","","","","","","","","","","PHW","PHW-TS-0093","D-DWG-PHW-002","","1075","Trench Stop","","","","","","","","","","","","","","","","","","","","","",""
"","","","","","","","","","","PHW","PHW-TS-0094","D-DWG-PHW-002","","1080","Trench Stop","","","","","","","","","","","","","","","","","","","","","",""
"","","","","","","","","","","PHW","PHW-BS-0020","D-DWG-PHW-002","","1085","Bulk Head ","","","","","","","","","","","","","","","","","","","","","",""
"","","","","","","","","","","PHW","PHW-TS-0095","D-DWG-PHW-002","","1185","Trench Stop","","","","","","","","","","","","","","","","","","","","","",""
"","","","","","","","","","","PHW","PHW-TS-0096","D-DWG-PHW-002","","1192","Trench Stop","","","","","","","","","","","","","","","","","","","","","",""
"","","","","","","","","","","PHW","PHW-TS-0097","D-DWG-PHW-002","","1199","Trench Stop","","","","","","","","","","","","","","","","","","","","","",""
"","","","","","","","","","","PHW","PHW-TS-0098","D-DWG-PHW-002","","1206","Trench Stop","","","","","","","","","","","","","","","","","","","","","",""
"","","","","","","","","","","PHW","PHW-TS-0099","D-DWG-PHW-002","","1211","Trench Stop","","","","","","","","","","","","","","","","","","","","","",""
"","","","","","","","","","","PHW","PHW-BS-0021","D-DWG-PHW-002","","1212.55","Bulk Head ","","","","","","","","","","","","","","","","","","","","","",""
"+","","","","","","","","","","PHW","PHW-TS-0100","D-DWG-PHW-002","","1214.1","Trench Stop","","","","","","","","","","","","","","","","","","","","","",""
"","","","","","","","","","","PHW","PHW-TS-0101","D-DWG-PHW-002","","1302","Trench Stop","","","","","","","","","","","","","","","","","","","","","",""
"","","","","","","","","","","PHW","PHW-TS-0102","D-DWG-PHW-002","","1317.3","Trench Stop","","","","","","","","","","","","","","","","","","","","","",""
"","","","","","","","","","","PHW","PHW-TS-0103","D-DWG-PHW-002","","1332.6","Trench Stop","","","","","","","","","","","","","","","","","","","","","",""
"","","","","","","","","","","PHW","PHW-TS-0104","D-DWG-PHW-002","","1347.9","Trench Stop","","","","","","","","","","","","","","","","","","","","","",""
"","","","","","","","","","","PHW","PHW-TS-0105","D-DWG-PHW-002","","1363.2","Trench Stop","","","","","","","","","","","","","","","","","","","","","",""
"","","","","","","","","","","PHW","PHW-TS-0106","D-DWG-PHW-003","","1484.7","Trench Stop","","","","","","","","","","","","","","","","","","","","","",""
"","","","","","","","","","","PHW","PHW-TS-0107","D-DWG-PHW-003","","1488.25","Trench Stop","","","","","","","","","","","","","","","","","","","","","",""
"","","","","","","","","","","PHW","PHW-TS-0108","D-DWG-PHW-003","","1493","Trench Stop","","","","","","","","","","","","","","","","","","","","","",""
"","","","","","","","","","","PHW","PHW-TS-0109","D-DWG-PHW-003","","1497.15","Trench Stop","","","","","","","","","","","","","","","","","","","","","",""
"","","","","","","","","","","PHW","PHW-TS-0110","D-DWG-PHW-003","","1501.3","Trench Stop","","","","","","","","","","","","","","","","","","","","","",""
"","","","","","","","","","","PHW","PHW-TS-0111","D-DWG-PHW-003","","1506.05","Trench Stop","","","","","","","","","","","","","","","","","","","","","",""
"","","","","","","","","","","PHW","PHW-TS-0112","D-DWG-PHW-003","","1509.6","Trench Stop","","","","","","","","","","","","","","","","","","","","","",""
"","","","","","","","","","","PHW","PHW-TS-0113","D-DWG-PHW-003","","1517.9","Trench Stop","","","","","","","","","","","","","","","","","","","","","",""
"","","","","","","","","","","PHW","PHW-TS-0114","D-DWG-PHW-003","","1526.2","Trench Stop","","","","","","","","","","","","","","","","","","","","","",""
"","","","","","","","","","","PHW","PHW-TS-0115","D-DWG-PHW-003","","1534.5","Trench Stop","","","","","","","","","","","","","","","","","","","","","",""
"","","","","","","","","","","PHW","PHW-TS-0116","D-DWG-PHW-003","","1542.8","Trench Stop","","","","","","","","","","","","","","","","","","","","","",""
"","","","","","","","","","","PHW","PHW-TS-0117","D-DWG-PHW-003","","1551.1","Trench Stop","","","","","","","","","","","","","","","","","","","","","",""
"","","","","","","","","","","PHW","PHW-TS-0118","D-DWG-PHW-003","","1559.4","Trench Stop","","","","","","","","","","","","","","","","","","","","","",""
"","","","","","","","","","","PHW","PHW-TS-0119","D-DWG-PHW-003","","1567.7","Trench Stop","","","","","","","","","","","","","","","","","","","","","",""
"","","","","","","","","","","PHW","PHW-TS-0120","D-DWG-PHW-003","","1576","Trench Stop","","","","","","","","","","","","","","","","","","","","","",""
"","","","","","","","","","","PHW","PHW-TS-0121","D-DWG-PHW-003","","1584.3","Trench Stop","","","","","","","","","","","","","","","","","","","","","",""
"","","","","","","","","","","PHW","PHW-TS-0122","D-DWG-PHW-003","","1592.6","Trench Stop","","","","","","","","","","","","","","","","","","","","","",""
"","","","","","","","","","","PHW","PHW-TS-0123","D-DWG-PHW-003","","1600.9","Trench Stop","","","","","","","","","","","","","","","","","","","","","",""
"","","","","","","","","","","PHW","PHW-TS-0124","D-DWG-PHW-003","","1615","Trench Stop","","","","","","","","","","","","","","","","","","","","","",""
"","","","","","","","","","","PHW","PHW-TS-0125","D-DWG-PHW-003","","1621.9","Trench Stop","","","","","","","","","","","","","","","","","","","","","",""
"","","","","","","","","","","PHW","PHW-TS-0126","D-DWG-PHW-003","","1628.8","Trench Stop","","","","","","","","","","","","","","","","","","","","","",""
"","","","","","","","","","","PHW","PHW-TS-0127","D-DWG-PHW-003","","1635.7","Trench Stop","","","","","","","","","","","","","","","","","","","","","",""
"","","","","","","","","","","PHW","PHW-TS-0128","D-DWG-PHW-003","","1643.25","Trench Stop","","","","","","","","","","","","","","","","","","","","","",""
"","","","","","","","","","","PHW","PHW-BS-0022","D-DWG-PHW-003","","1647.95","Bulk Head ","","","","","","","","","","","","","","","","","","","","","",""
"","","","","","","","","","","PHW","PHW-TS-0129","D-DWG-PHW-003","","1652.65","Trench Stop","","","","","","","","","","","","","","","","","","","","","",""
"","","","","","","","","","","PHW","PHW-TS-0130","D-DWG-PHW-003","","1657.35","Trench Stop","","","","","","","","","","","","","","","","","","","","","",""
"","","","","","","","","","","PHW","PHW-TS-0131","D-DWG-PHW-003","","1662.05","Trench Stop","","","","","","","","","","","","","","","","","","","","","",""
"","","","","","","","","","","PHW","PHW-BS-0023","D-DWG-PHW-003","","1666.75","Bulk Head ","","","","","","","","","","","","","","","","","","","","","",""
"","","","","","","","","","","PHW","PHW-TS-0132","D-DWG-PHW-003","","1671.45","Trench Stop","","","","","","","","","","","","","","","","","","","","","",""
"","","","","","","","","","","PHW","PHW-TS-0133","D-DWG-PHW-003","","1679.6","Trench Stop","","","","","","","","","","","","","","","","","","","","","",""
"","","","","","","","","","","PHW","PHW-TS-0134","D-DWG-PHW-003","","1688.3","Trench Stop","","","","","","","","","","","","","","","","","","","","","",""
"","","","","","","","","","","PHW","PHW-TS-0135","D-DWG-PHW-003","","1788","Trench Stop","","","","","","","","","","","","","","","","","","","","","",""
"","","","","","","","","","","PHW","PHW-TS-0136","D-DWG-PHW-003","","1791.2","Trench Stop","","","","","","","","","","","","","","","","","","","","","",""
"","","","","","","","","","","PHW","PHW-BS-0024","D-DWG-PHW-003","","1792.8","Bulk Head ","","","","","","","","","","","","","","","","","","","","","",""
"","","","","","","","","","","PHW","PHW-TS-0137","D-DWG-PHW-003","","1794.4","Trench Stop","","","","","","","","","","","","","","","","","","","","","",""
"","","","","","","","","","","PHW","PHW-TS-0138","D-DWG-PHW-003","","1797.6","Trench Stop","","","","","","","","","","","","","","","","","","","","","",""
"","","","","","","","","","","PHW","PHW-TS-0139","D-DWG-PHW-003","","1809","Trench Stop","","","","","","","","","","","","","","","","","","","","","",""
"","","","","","","","","","","PHW","PHW-TS-0140","D-DWG-PHW-003","","1819","Trench Stop","","","","","","","","","","","","","","","","","","","","","",""
"","","","","","","","","","","PHW","PHW-TS-0141","D-DWG-PHW-004","","2125","Trench Stop","","","","","","","","","","","","","","","","","","","","","",""
"","","","","","","","","","","PHW","PHW-TS-0142","D-DWG-PHW-004","","2131","Trench Stop","","","","","","","","","","","","","","","","","","","","","",""
"","","","","","","","","","","PHW","PHW-TS-0143","D-DWG-PHW-004","","2146","Trench Stop","","","","","","","","","","","","","","","","","","","","","",""
"","","","","","","","","","","PHW","PHW-TS-0144","D-DWG-PHW-004","","2157.5","Trench Stop","","","","","","","","","","","","","","","","","","","","","",""
"","","","","","","","","","","PHW","PHW-TS-0145","D-DWG-PHW-004","","2169","Trench Stop","","","","","","","","","","","","","","","","","","","","","",""
"","","","","","","","","","","PHW","PHW-TS-0146","D-DWG-PHW-004","","2180.5","Trench Stop","","","","","","","","","","","","","","","","","","","","","",""
"","","","","","","","","","","PHW","PHW-TS-0147","D-DWG-PHW-004","","2192","Trench Stop","","","","","","","","","","","","","","","","","","","","","",""
"","","","","","","","","","","PHW","PHW-TS-0148","D-DWG-PHW-004","","2203.5","Trench Stop","","","","","","","","","","","","","","","","","","","","","",""
"","","","","","","","","","","PHW","PHW-TS-0149","D-DWG-PHW-004","","2215","Trench Stop","","","","","","","","","","","","","","","","","","","","","",""
"","","","","","","","","","","PHW","PHW-TS-0150","D-DWG-PHW-004","","2226.5","Trench Stop","","","","","","","","","","","","","","","","","","","","","",""
"","","","","","","","","","","PHW","PHW-TS-0151","D-DWG-PHW-004","","2238","Trench Stop","","","","","","","","","","","","","","","","","","","","","",""
"","","","","","","","","","","PHW","PHW-TS-0152","D-DWG-PHW-004","","2249.5","Trench Stop","","","","","","","","","","","","","","","","","","","","","",""
"","","","","","","","","","","PHW","PHW-TS-0153","D-DWG-PHW-004","","2261","Trench Stop","","","","","","","","","","","","","","","","","","","","","",""
"","","","","","","","","","","PHW","PHW-TS-0154","D-DWG-PHW-004","","2272.5","Trench Stop","","","","","","","","","","","","","","","","","","","","","",""
"","","","","","","","","","","PHW","PHW-TS-0155","D-DWG-PHW-004","","2284","Trench Stop","","","","","","","","","","","","","","","","","","","","","",""
"","","","","","","","","","","PHW","PHW-TS-0156","D-DWG-PHW-004","","2295.5","Trench Stop","","","","","","","","","","","","","","","","","","","","","",""
"","","","","","","","","","","PHW","PHW-TS-0157","D-DWG-PHW-004","","2307","Trench Stop","","","","","","","","","","","","","","","","","","","","","",""
"","","","","","","","","","","PHW","PHW-TS-0158","D-DWG-PHW-004","","2318.5","Trench Stop","","","","","","","","","","","","","","","","","","","","","",""
"","","","","","","","","","","PHW","PHW-TS-0159","D-DWG-PHW-004","","2330","Trench Stop","","","","","","","","","","","","","","","","","","","","","",""
"","","","","","","","","","","PHW","PHW-TS-0160","D-DWG-PHW-004","","2339.6","Trench Stop","","","","","","","","","","","","","","","","","","","","","",""
"","","","","","","","","","","PHW","PHW-TS-0161","D-DWG-PHW-004","","2350.1","Trench Stop","","","","","","","","","","","","","","","","","","","","","",""
"","","","","","","","","","","PHW","PHW-TS-0162","D-DWG-PHW-004","","2360.6","Trench Stop","","","","","","","","","","","","","","","","","","","","","",""
"","","","","","","","","","","PHW","PHW-TS-0163","D-DWG-PHW-004","","2371.1","Trench Stop","","","","","","","","","","","","","","","","","","","","","",""
"","","","","","","","","","","PHW","PHW-TS-0164","D-DWG-PHW-004","","2381.6","Trench Stop","","","","","","","","","","","","","","","","","","","","","",""
"","","","","","","","","","","PHW","PHW-TS-0165","D-DWG-PHW-004","","2392.1","Trench Stop","","","","","","","","","","","","","","","","","","","","","",""
"","","","","","","","","","","PHW","PHW-TS-0166","D-DWG-PHW-004","","2402.6","Trench Stop","","","","","","","","","","","","","","","","","","","","","",""
"","","","","","","","","","","PHW","PHW-TS-0167","D-DWG-PHW-004","","2413.1","Trench Stop","","","","","","","","","","","","","","","","","","","","","",""
"","","","","","","","","","","PHW","PHW-TS-0168","D-DWG-PHW-004","","2423.6","Trench Stop","","","","","","","","","","","","","","","","","","","","","",""
"","","","","","","","","","","PHW","PHW-TS-0169","D-DWG-PHW-004","","2434.1","Trench Stop","","","","","","","","","","","","","","","","","","","","","",""
"","","","","","","","","","","PHW","PHW-TS-0170","D-DWG-PHW-004","","2444.6","Trench Stop","","","","","","","","","","","","","","","","","","","","","",""
"","","","","","","","","","","PHW","PHW-TS-0171","D-DWG-PHW-004","","2521.3","Trench Stop","","","","","","","","","","","","","","","","","","","","","",""
"","","","","","","","","","","PHW","PHW-TS-0172","D-DWG-PHW-004","","2537","Trench Stop","","","","","","","","","","","","","","","","","","","","","",""
"","","","","","","","","","","PHW","PHW-TS-0173","D-DWG-PHW-004","","2552.7","Trench Stop","","","","","","","","","","","","","","","","","","","","","",""
"","","","","","","","","","","PHW","PHW-TS-0174","D-DWG-PHW-005","","2930","Trench Stop","","","","","","","","","","","","","","","","","","","","","",""
"","","","","","","","","","","PHW","PHW-TS-0175","D-DWG-PHW-005","","2945.5","Trench Stop","","","","","","","","","","","","","","","","","","","","","",""
"","","","","","","","","","","PHW","PHW-TS-0176","D-DWG-PHW-005","","2961","Trench Stop","","","","","","","","","","","","","","","","","","","","","",""
"","","","","","","","","","","PHW","PHW-TS-0177","D-DWG-PHW-005","","2976.5","Trench Stop","","","","","","","","","","","","","","","","","","","","","",""
"","","","","","","","","","","PHW","PHW-TS-0178","D-DWG-PHW-005","","2988.6","Trench Stop","","","","","","","","","","","","","","","","","","","","","",""
"","","","","","","","","","","PHW","PHW-TS-0179","D-DWG-PHW-005","","3000.2","Trench Stop","","","","","","","","","","","","","","","","","","","","","",""
"","","","","","","","","","","PHW","PHW-TS-0180","D-DWG-PHW-005","","3011.8","Trench Stop","","","","","","","","","","","","","","","","","","","","","",""
"","","","","","","","","","","PHW","PHW-TS-0181","D-DWG-PHW-005","","3023.4","Trench Stop","","","","","","","","","","","","","","","","","","","","","",""
"","","","","","","","","","","PHW","PHW-TS-0182","D-DWG-PHW-005","","3035","Trench Stop","","","","","","","","","","","","","","","","","","","","","",""
"","","","","","","","","","","PHW","PHW-TS-0183","D-DWG-PHW-005","","3046.6","Trench Stop","","","","","","","","","","","","","","","","","","","","","",""
"","","","","","","","","","","PHW","PHW-TS-0184","D-DWG-PHW-005","","3058.2","Trench Stop","","","","","","","","","","","","","","","","","","","","","",""
"","","","","","","","","","","PHW","PHW-TS-0185","D-DWG-PHW-005","","3069.8","Trench Stop","","","","","","","","","","","","","","","","","","","","","",""
"","","","","","","","","","","PHW","PHW-TS-0186","D-DWG-PHW-005","","3081.4","Trench Stop","","","","","","","","","","","","","","","","","","","","","",""
"","","","","","","","","","","PHW","PHW-TS-0187","D-DWG-PHW-005","","3093","Trench Stop","","","","","","","","","","","","","","","","","","","","","",""
"","","","","","","","","","","PHW","PHW-TS-0188","D-DWG-PHW-005","","3104.6","Trench Stop","","","","","","","","","","","","","","","","","","","","","",""
"","","","","","","","","","","PHW","PHW-TS-0189","D-DWG-PHW-005","","3116.2","Trench Stop","","","","","","","","","","","","","","","","","","","","","",""
"","","","","","","","","","","PHW","PHW-TS-0190","D-DWG-PHW-005","","3127.8","Trench Stop","","","","","","","","","","","","","","","","","","","","","",""
"","","","","","","","","","","PHW","PHW-TS-0191","D-DWG-PHW-005","","3139.4","Trench Stop","","","","","","","","","","","","","","","","","","","","","",""
"","","","","","","","","","","PHW","PHW-TS-0192","D-DWG-PHW-005","","3151","Trench Stop","","","","","","","","","","","","","","","","","","","","","",""
"","","","","","","","","","","PHW","PHW-TS-0193","D-DWG-PHW-005","","3162.6","Trench Stop","","","","","","","","","","","","","","","","","","","","","",""
"","","","","","","","","","","PHW","PHW-TS-0194","D-DWG-PHW-005","","3174.2","Trench Stop","","","","","","","","","","","","","","","","","","","","","",""
"","","","","","","","","","","PHW","PHW-TS-0195","D-DWG-PHW-005","","3185.8","Trench Stop","","","","","","","","","","","","","","","","","","","","","",""
"","","","","","","","","","","PHW","PHW-TS-0196","D-DWG-PHW-005","","3197.4","Trench Stop","","","","","","","","","","","","","","","","","","","","","",""
"","","","","","","","","","","PHW","PHW-TS-0197","D-DWG-PHW-005","","3432.6","Trench Stop","","","","","","","","","","","","","","","","","","","","","",""
"","","","","","","","","","","PHW","PHW-TS-0198","D-DWG-PHW-005","","3449.2","Trench Stop","","","","","","","","","","","","","","","","","","","","","",""
"","","","","","","","","","","PHW","PHW-TS-0199","D-DWG-PHW-006","","3836.4","Trench Stop","","","","","","","","","","","","","","","","","","","","","",""
"","","","","","","","","","","PHW","PHW-TS-0200","D-DWG-PHW-006","","3841.4","Trench Stop","","","","","","","","","","","","","","","","","","","","","",""
"","","","","","","","","","","PHW","PHW-TS-0201","D-DWG-PHW-006","","4105.75","Trench Stop","","","","","","","","","","","","","","","","","","","","","",""
"","","","","","","","","","","PHW","PHW-TS-0202","D-DWG-PHW-007","7.1","4318.7","Trench Stop","","","","","","","","","","","","","","","","","","","","","",""
"","","","","","","","","","","PHW","PHW-TS-0203","D-DWG-PHW-007","7.1","4327.2","Trench Stop","","","","","","","","","","","","","","","","","","","","","",""
"","","","","","","","","","","PHW","PHW-TS-0204","D-DWG-PHW-007","7.1","4335.7","Trench Stop","","","","","","","","","","","","","","","","","","","","","",""
"","","","","","","","","","","PHW","PHW-TS-0205","D-DWG-PHW-007","7.2","4613.5","Trench Stop","","","","","","","","","","","","","","","","","","","","","",""
"","","","","","","","","","","PHW","PHW-TS-0206","D-DWG-PHW-007","7.2","4629.9","Trench Stop","","","","","","","","","","","","","","","","","","","","","",""
"","","","","","","","","","","PHW","PHW-TS-0207","D-DWG-PHW-007","7.3","4859.3","Trench Stop","","","","","","","","","","","","","","","","","","","","","",""
"","","","","","","","","","","PHW","PHW-TS-0208","D-DWG-PHW-007","7.3","4864.5","Trench Stop","","","","","","","","","","","","","","","","","","","","","",""
"","","","","","","","","","","PHW","PHW-TS-0209","D-DWG-PHW-007","7.3","4869.7","Trench Stop","","","","","","","","","","","","","","","","","","","","","",""
"","","","","","","","","","","PHW","PHW-TS-0210","D-DWG-PHW-007","7.3","4876.5","Trench Stop","","","","","","","","","","","","","","","","","","","","","",""
"","","","","","","","","","","PHW","PHW-TS-0211","D-DWG-PHW-007","7.3","4886.1","Trench Stop","","","","","","","","","","","","","","","","","","","","","",""
"","","","","","","","","","","PHW","PHW-TS-0212","D-DWG-PHW-007","7.3","4895.7","Trench Stop","","","","","","","","","","","","","","","","","","","","","",""
"","","","","","","","","","","PHW","PHW-TS-0213","D-DWG-PHW-008","","4905.3","Trench Stop","","","","","","","","","","","","","","","","","","","","","",""
"","","","","","","","","","","PHW","PHW-TS-0214","D-DWG-PHW-008","","4914.9","Trench Stop","","","","","","","","","","","","","","","","","","","","","",""
"","","","","","","","","","","PHW","PHW-TS-0215","D-DWG-PHW-008","","4954.1","Trench Stop","","","","","","","","","","","","","","","","","","","","","",""
"","","","","","","","","","","PHW","PHW-TS-0216","D-DWG-PHW-008","","5182.1","Trench Stop","","","","","","","","","","","","","","","","","","","","","",""
"","","","","","","","","","","PHW","PHW-TS-0217","D-DWG-PHW-008","","5195.6","Trench Stop","","","","","","","","","","","","","","","","","","","","","",""
"","","","","","","","","","","PHW","PHW-TS-0218","D-DWG-PHW-008","","5209.1","Trench Stop","","","","","","","","","","","","","","","","","","","","","",""
"","","","","","","","","","","PHW","PHW-TS-0219","D-DWG-PHW-008","","5222.6","Trench Stop","","","","","","","","","","","","","","","","","","","","","",""
"","","","","","","","","","","PHW","PHW-TS-0220","D-DWG-PHW-008","","5236.1","Trench Stop","","","","","","","","","","","","","","","","","","","","","",""
"","","","","","","","","","","PHW","PHW-TS-0221","D-DWG-PHW-008","","5249.6","Trench Stop","","","","","","","","","","","","","","","","","","","","","",""
"","","","","","","","","","","PHW","PHW-TS-0222","D-DWG-PHW-008","","5263.1","Trench Stop","","","","","","","","","","","","","","","","","","","","","",""
"","","","","","","","","","","PHW","PHW-TS-0223","D-DWG-PHW-008","","5359.75","Trench Stop","","","","","","","","","","","","","","","","","","","","","",""
"","","","","","","","","","","PHW","PHW-TS-0224","D-DWG-PHW-008","","5367.35","Trench Stop","","","","","","","","","","","","","","","","","","","","","",""
"","","","","","","","","","","PHW","PHW-TS-0225","D-DWG-PHW-008","","5374.95","Trench Stop","","","","","","","","","","","","","","","","","","","","","",""
"","","","","","","","","","","PHW","PHW-TS-0226","D-DWG-PHW-008","","5382.55","Trench Stop","","","","","","","","","","","","","","","","","","","","","",""
"","","","","","","","","","","PHW","PHW-TS-0227","D-DWG-PHW-008","","5390.7","Trench Stop","","","","","","","","","","","","","","","","","","","","","",""
"","","","","","","","","","","PHW","PHW-TS-0228","D-DWG-PHW-008","","5401","Trench Stop","","","","","","","","","","","","","","","","","","","","","",""
"","","","","","","","","","","PHW","PHW-TS-0229","D-DWG-PHW-008","","5411.3","Trench Stop","","","","","","","","","","","","","","","","","","","","","",""
"","","","","","","","","","","PHW","PHW-TS-0230","D-DWG-PHW-008","","5421.6","Trench Stop","","","","","","","","","","","","","","","","","","","","","",""
"","","","","","","","","","","PHW","PHW-TS-0231","D-DWG-PHW-008","","5431.9","Trench Stop","","","","","","","","","","","","","","","","","","","","","",""
"","","","","","","","","","","PHW","PHW-TS-0232","D-DWG-PHW-008","","5442.2","Trench Stop","","","","","","","","","","","","","","","","","","","","","",""
"","","","","","","","","","","PHW","PHW-TS-0233","D-DWG-PHW-008","","5452.5","Trench Stop","","","","","","","","","","","","","","","","","","","","","",""
"","","","","","","","","","","PHW","PHW-TS-0234","D-DWG-PHW-008","","5462.8","Trench Stop","","","","","","","","","","","","","","","","","","","","","",""
"","","","","","","","","","","PHW","PHW-TS-0235","D-DWG-PHW-008","","5473.1","Trench Stop","","","","","","","","","","","","","","","","","","","","","",""
"","","","","","","","","","","PHW","PHW-TS-0236","D-DWG-PHW-008","","5483.4","Trench Stop","","","","","","","","","","","","","","","","","","","","","",""
"","","","","","","","","","","PHW","PHW-TS-0237","D-DWG-PHW-008","","5493.7","Trench Stop","","","","","","","","","","","","","","","","","","","","","",""
"","","","","","","","","","","PHW","PHW-TS-0238","D-DWG-PHW-008","","5501.6","Trench Stop","","","","","","","","","","","","","","","","","","","","","",""
"","","","","","","","","","","PHW","PHW-TS-0239","D-DWG-PHW-008","","5508.4","Trench Stop","","","","","","","","","","","","","","","","","","","","","",""
"","","","","","","","","","","PHW","PHW-TS-0240","D-DWG-PHW-008","","5515.2","Trench Stop","","","","","","","","","","","","","","","","","","","","","",""
"","","","","","","","","","","PHW","PHW-TS-0241","D-DWG-PHW-008","","5522","Trench Stop","","","","","","","","","","","","","","","","","","","","","",""
"","","","","","","","","","","PHW","PHW-TS-0242","D-DWG-PHW-008","","5527.6","Trench Stop","","","","","","","","","","","","","","","","","","","","","",""
"","","","","","","","","","","PHW","PHW-TS-0243","D-DWG-PHW-008","","5536","Trench Stop","","","","","","","","","","","","","","","","","","","","","",""
"","","","","","","","","","","PHW","PHW-TS-0244","D-DWG-PHW-008","","5544.4","Trench Stop","","","","","","","","","","","","","","","","","","","","","",""
"","","","","","","","","","","PHW","PHW-TS-0245","D-DWG-PHW-008","","5552.8","Trench Stop","","","","","","","","","","","","","","","","","","","","","",""
"","","","","","","","","","","PHW","PHW-TS-0246","D-DWG-PHW-008","","5561.2","Trench Stop","","","","","","","","","","","","","","","","","","","","","",""
"","","","","","","","","","","PHW","PHW-TS-0247","D-DWG-PHW-008","","5569.6","Trench Stop","","","","","","","","","","","","","","","","","","","","","",""
"","","","","","","","","","","PHW","PHW-TS-0248","D-DWG-PHW-009","9.1","5671.2","Trench Stop","","","","","","","","","","","","","","","","","","","","","",""
"","","","","","","","","","","PHW","PHW-TS-0249","D-DWG-PHW-009","9.1","5682.7","Trench Stop","","","","","","","","","","","","","","","","","","","","","",""
"","","","","","","","","","","PHW","PHW-TS-0250","D-DWG-PHW-009","9.1","5694.2","Trench Stop","","","","","","","","","","","","","","","","","","","","","",""
"","","","","","","","","","","PHW","PHW-TS-0251","D-DWG-PHW-009","9.1","5705.7","Trench Stop","","","","","","","","","","","","","","","","","","","","","",""
"","","","","","","","","","","PHW","PHW-TS-0252","D-DWG-PHW-009","9.1","5717.2","Trench Stop","","","","","","","","","","","","","","","","","","","","","",""
"","","","","","","","","","","PHW","PHW-TS-0253","D-DWG-PHW-009","9.2","5723.75","Trench Stop","","","","","","","","","","","","","","","","","","","","","",""
"","","","","","","","","","","PHW","PHW-BS-0025","D-DWG-PHW-009","9.2","5726.4","Bulk Head ","","","","","","","","","","","","","","","","","","","","","",""
"","","","","","","","","","","PHW","PHW-TS-0254","D-DWG-PHW-009","9.2","5729.05","Trench Stop","","","","","","","","","","","","","","","","","","","","","",""
"","","","","","","","","","","PHW","PHW-BS-0026","D-DWG-PHW-009","9.3","5733","Bulk Head ","","","","","","","","","","","","","","","","","","","","","",""
"","","","","","","","","","","PHW","PHW-BS-0027","D-DWG-PHW-009","9.3","5736","Bulk Head ","","","","","","","","","","","","","","","","","","","","","",""
"","","","","","","","","","","PHW","PHW-BS-0028","D-DWG-PHW-009","9.3","5739","Bulk Head ","","","","","","","","","","","","","","","","","","","","","",""
"","","","","","","","","","","PHW","PHW-BS-0029","D-DWG-PHW-009","9.3","5742","Bulk Head ","","","","","","","","","","","","","","","","","","","","","",""
"","","","","","","","","","","PHW","PHW-BS-0030","D-DWG-PHW-009","9.3","5745","Bulk Head ","","","","","","","","","","","","","","","","","","","","","",""
"","","","","","","","","","","PHW","PHW-BS-0031","D-DWG-PHW-009","9.3","5748","Bulk Head ","","","","","","","","","","","","","","","","","","","","","",""
"","","","","","","","","","","PHW","PHW-BS-0032","D-DWG-PHW-009","9.3","5751","Bulk Head ","","","","","","","","","","","","","","","","","","","","","",""
"","","","","","","","","","","PHW","PHW-BS-0033","D-DWG-PHW-009","9.3","5754","Bulk Head ","","","","","","","","","","","","","","","","","","","","","",""
"","","","","","","","","","","PHW","PHW-TS-0255","D-DWG-PHW-009","9.4","5756.6","Trench Stop","","","","","","","","","","","","","","","","","","","","","",""
"","","","","","","","","","","PHW","PHW-TS-0256","D-DWG-PHW-009","9.4","5761","Trench Stop","","","","","","","","","","","","","","","","","","","","","",""
"","","","","","","","","","","PHW","PHW-TS-0257","D-DWG-PHW-009","9.4","5765.4","Trench Stop","","","","","","","","","","","","","","","","","","","","","",""
"","","","","","","","","","","PHW","PHW-TS-0258","D-DWG-PHW-009","9.4","5769.8","Trench Stop","","","","","","","","","","","","","","","","","","","","","",""
"","","","","","","","","","","PHW","PHW-TS-0259","D-DWG-PHW-009","9.5","5775.3","Trench Stop","","","","","","","","","","","","","","","","","","","","","",""
"","","","","","","","","","","PHW","PHW-TS-0260","D-DWG-PHW-009","9.5","5783.5","Trench Stop","","","","","","","","","","","","","","","","","","","","","",""
"","","","","","","","","","","PHW","PHW-TS-0261","D-DWG-PHW-009","9.5","5791.7","Trench Stop","","","","","","","","","","","","","","","","","","","","","",""
"","","","","","","","","","","PHW","PHW-TS-0262","D-DWG-PHW-009","9.5","5799.9","Trench Stop","","","","","","","","","","","","","","","","","","","","","",""
"","","","","","","","","","","PHW","PHW-TS-0263","D-DWG-PHW-009","9.5","5808.1","Trench Stop","","","","","","","","","","","","","","","","","","","","","",""
"","","","","","","","","","","PHW","PHW-TS-0264","D-DWG-PHW-009","9.5","5816.3","Trench Stop","","","","","","","","","","","","","","","","","","","","","",""
"","","","","","","","","","","PHW","PHW-TS-0265","D-DWG-PHW-009","9.6","5825.2","Trench Stop","","","","","","","","","","","","","","","","","","","","","",""
"","","","","","","","","","","PHW","PHW-TS-0266","D-DWG-PHW-009","9.6","5835.2","Trench Stop","","","","","","","","","","","","","","","","","","","","","",""
"","","","","","","","","","","PHW","PHW-TS-0267","D-DWG-PHW-009","9.6","5845.2","Trench Stop","","","","","","","","","","","","","","","","","","","","","",""
"","","","","","","","","","","PHW","PHW-TS-0268","D-DWG-PHW-009","9.7","5852.3","Trench Stop","","","","","","","","","","","","","","","","","","","","","",""
"","","","","","","","","","","PHW","PHW-TS-0269","D-DWG-PHW-009","9.7","5855.6","Trench Stop","","","","","","","","","","","","","","","","","","","","","",""
"","","","","","","","","","","PHW","PHW-BS-0034","D-DWG-PHW-009","9.7","5857.25","Bulk Head ","","","","","","","","","","","","","","","","","","","","","",""
"","","","","","","","","","","PHW","PHW-TS-0270","D-DWG-PHW-009","9.7","5858.9","Trench Stop","","","","","","","","","","","","","","","","","","","","","",""
"","","","","","","","","","","PHW","PHW-TS-0271","D-DWG-PHW-009","9.7","5862.2","Trench Stop","","","","","","","","","","","","","","","","","","","","","",""
"","","","","","","","","","","PHW","PHW-TS-0272","D-DWG-PHW-009","9.8","5870","Trench Stop","","","","","","","","","","","","","","","","","","","","","",""
"","","","","","","","","","","PHW","PHW-TS-0273","D-DWG-PHW-009","9.8","5875","Trench Stop","","","","","","","","","","","","","","","","","","","","","",""
"","","","","","","","","","","PHW","PHW-BS-0035","D-DWG-PHW-009","9.8","5877.5","Bulk Head ","","","","","","","","","","","","","","","","","","","","","",""
"","","","","","","","","","","PHW","PHW-TS-0274","D-DWG-PHW-009","9.8","5880","Trench Stop","","","","","","","","","","","","","","","","","","","","","",""
"","","","","","","","","","","PHW","PHW-TS-0275","D-DWG-PHW-009","9.8","5885","Trench Stop","","","","","","","","","","","","","","","","","","","","","",""
"","","","","","","","","","","PHW","PHW-TS-0276","D-DWG-PHW-009","9,9","5893.5","Trench Stop","","","","","","","","","","","","","","","","","","","","","",""
"","","","","","","","","","","PHW","PHW-TS-0277","D-DWG-PHW-009","9.9.1","5914.6","Trench Stop","","","","","","","","","","","","","","","","","","","","","",""
"","","","","","","","","","","PHW","PHW-TS-0278","D-DWG-PHW-009","9.1","5952.3","Trench Stop","","","","","","","","","","","","","","","","","","","","","",""
"","","","","","","","","","","PHW","PHW-TS-0279","D-DWG-PHW-009","9.1","5959.4","Trench Stop","","","","","","","","","","","","","","","","","","","","","",""
"","","","","","","","","","","PHW","PHW-TS-0280","D-DWG-PHW-009","9.1","5966.5","Trench Stop","","","","","","","","","","","","","","","","","","","","","",""
"","","","","","","","","","","PHW","PHW-TS-0281","D-DWG-PHW-009","9.1","5973.6","Trench Stop","","","","","","","","","","","","","","","","","","","","","",""
"","","","","","","","","","","PHW","PHW-TS-0282","D-DWG-PHW-009","9.1","5980.7","Trench Stop","","","","","","","","","","","","","","","","","","","","","",""
"","","","","","","","","","","PHW","PHW-TS-0283","D-DWG-PHW-009","9.1","5987.8","Trench Stop","","","","","","","","","","","","","","","","","","","","","",""
"","","","","","","","","","","PHW","PHW-TS-0284","D-DWG-PHW-009","9.1","5994.9","Trench Stop","","","","","","","","","","","","","","","","","","","","","",""
"","","","","","","","","","","PHW","PHW-TS-0285","D-DWG-PHW-009","9.1","6002","Trench Stop","","","","","","","","","","","","","","","","","","","","","",""
"","","","","","","","","","","PHW","PHW-TS-0286","D-DWG-PHW-009","9.1","6009.1","Trench Stop","","","","","","","","","","","","","","","","","","","","","",""
"","","","","","","","","","","PHW","PHW-TS-0287","D-DWG-PHW-009","9.1","6016.2","Trench Stop","","","","","","","","","","","","","","","","","","","","","",""
"","","","","","","","","","","PHW","PHW-TS-0288","D-DWG-PHW-009","9.1","6023.3","Trench Stop","","","","","","","","","","","","","","","","","","","","","",""
"","","","","","","","","","","PHW","PHW-TS-0289","D-DWG-PHW-009","9.1","6030.4","Trench Stop","","","","","","","","","","","","","","","","","","","","","",""
"","","","","","","","","","","PHW","PHW-TS-0290","D-DWG-PHW-009","9.1","6037.50000000001","Trench Stop","","","","","","","","","","","","","","","","","","","","","",""
"","","","","","","","","","","PHW","PHW-TS-0291","D-DWG-PHW-009","9.11","6042.5","Trench Stop","","","","","","","","","","","","","","","","","","","","","",""
"","","","","","","","","","","PHW","PHW-TS-0292","D-DWG-PHW-009","9.11","6048.1","Trench Stop","","","","","","","","","","","","","","","","","","","","","",""
"","","","","","","","","","","PHW","PHW-BS-0036","D-DWG-PHW-009","9.11","6053.7","Bulk Head ","","","","","","","","","","","","","","","","","","","","","",""
"","","","","","","","","","","PHW","PHW-TS-0293","D-DWG-PHW-009","9.11","6059.3","Trench Stop","","","","","","","","","","","","","","","","","","","","","",""
"","","","","","","","","","","PHW","PHW-TS-0294","D-DWG-PHW-009","9.11","6064.9","Trench Stop","","","","","","","","","","","","","","","","","","","","","",""
"","","","","","","","","","","PHW","PHW-BS-0037","D-DWG-PHW-009","9.11","6070.5","Bulk Head ","","","","","","","","","","","","","","","","","","","","","",""
"","","","","","","","","","","PHW","PHW-TS-0295","D-DWG-PHW-009","9.11","6076.1","Trench Stop","","","","","","","","","","","","","","","","","","","","","",""
"","","","","","","","","","","PHW","PHW-TS-0296","D-DWG-PHW-009","9.11","6081.7","Trench Stop","","","","","","","","","","","","","","","","","","","","","",""
"","","","","","","","","","","PHW","PHW-BS-0038","D-DWG-PHW-009","9.11","6087.3","Bulk Head ","","","","","","","","","","","","","","","","","","","","","",""
"","","","","","","","","","","PHW","PHW-TS-0297","D-DWG-PHW-009","9.11","6092.9","Trench Stop","","","","","","","","","","","","","","","","","","","","","",""
"","","","","","","","","","","PHW","PHW-TS-0298","D-DWG-PHW-009","9.11","6098.5","Trench Stop","","","","","","","","","","","","","","","","","","","","","",""
"","","","","","","","","","","PHW","PHW-TS-0299","D-DWG-PHW-009","9.12","6104","Trench Stop","","","","","","","","","","","","","","","","","","","","","",""
"","","","","","","","","","","PHW","PHW-TS-0300","D-DWG-PHW-009","9.12","6111.8","Trench Stop","","","","","","","","","","","","","","","","","","","","","",""
"","","","","","","","","","","PHW","PHW-TS-0301","D-DWG-PHW-009","9.13","6160.84","Trench Stop","","","","","","","","","","","","","","","","","","","","","",""
"","","","","","","","","","","PHW","PHW-TS-0302","D-DWG-PHW-009","9.13","6169.24","Trench Stop","","","","","","","","","","","","","","","","","","","","","",""
"","","","","","","","","","","PHW","PHW-TS-0303","D-DWG-PHW-009","9.13","6177.64","Trench Stop","","","","","","","","","","","","","","","","","","","","","",""
"","","","","","","","","","","PHW","PHW-TS-0304","D-DWG-PHW-009","9.13","6186.04","Trench Stop","","","","","","","","","","","","","","","","","","","","","",""
"","","","","","","","","","","PHW","PHW-TS-0305","D-DWG-PHW-009","9.13","6194.44","Trench Stop","","","","","","","","","","","","","","","","","","","","","",""
"","","","","","","","","","","PHW","PHW-TS-0306","D-DWG-PHW-009","9.13","6202.84","Trench Stop","","","","","","","","","","","","","","","","","","","","","",""
"","","","","","","","","","","PHW","PHW-TS-0307","D-DWG-PHW-009","9.13","6211.24","Trench Stop","","","","","","","","","","","","","","","","","","","","","",""
"","","","","","","","","","","PHW","PHW-TS-0308","D-DWG-PHW-009","9.13","6219.64","Trench Stop","","","","","","","","","","","","","","","","","","","","","",""
"","","","","","","","","","","PHW","PHW-TS-0309","D-DWG-PHW-009","9.13","6228.04","Trench Stop","","","","","","","","","","","","","","","","","","","","","",""
"","","","","","","","","","","PHW","PHW-TS-0310","D-DWG-PHW-009","9.13","6236.44","Trench Stop","","","","","","","","","","","","","","","","","","","","","",""
"","","","","","","","","","","PHW","PHW-TS-0311","D-DWG-PHW-009","9.13","6244.84","Trench Stop","","","","","","","","","","","","","","","","","","","","","",""
"","","","","","","","","","","PHW","PHW-TS-0312","D-DWG-PHW-009","9.13","6253.24","Trench Stop","","","","","","","","","","","","","","","","","","","","","",""
"","","","","","","","","","","PHW","PHW-TS-0313","D-DWG-PHW-009","9.13","6261.64","Trench Stop","","","","","","","","","","","","","","","","","","","","","",""
"","","","","","","","","","","PHW","PHW-TS-0314","D-DWG-PHW-009","9.14","6270.6","Trench Stop","","","","","","","","","","","","","","","","","","","","","",""
"","","","","","","","","","","PHW","PHW-TS-0315","D-DWG-PHW-009","9.14","6287.2","Trench Stop","","","","","","","","","","","","","","","","","","","","","",""
"","","","","","","","","","","PHW","PHW-TS-0316","D-DWG-PHW-010","9.14","6303.8","Trench Stop","","","","","","","","","","","","","","","","","","","","","",""
"","","","","","","","","","","PHW","PHW-TS-0317","D-DWG-PHW-010","9.14","6320.4","Trench Stop","","","","","","","","","","","","","","","","","","","","","",""
"","","","","","","","","","","PHW","PHW-TS-0318","D-DWG-PHW-010","","6337","Trench Stop","","","","","","","","","","","","","","","","","","","","","",""
"","","","","","","","","","","PHW","PHW-TS-0319","D-DWG-PHW-010","","6350.6","Trench Stop","","","","","","","","","","","","","","","","","","","","","",""
"","","","","","","","","","","PHW","PHW-TS-0320","D-DWG-PHW-010","","6366.1","Trench Stop","","","","","","","","","","","","","","","","","","","","","",""
"","","","","","","","","","","PHW","PHW-TS-0321","D-DWG-PHW-010","","6381.6","Trench Stop","","","","","","","","","","","","","","","","","","","","","",""
"","","","","","","","","","","PHW","PHW-TS-0322","D-DWG-PHW-010","","6397.1","Trench Stop","","","","","","","","","","","","","","","","","","","","","",""
"","","","","","","","","","","PHW","PHW-TS-0323","D-DWG-PHW-010","","6419.3","Trench Stop","","","","","","","","","","","","","","","","","","","","","",""
"","","","","","","","","","","PHW","PHW-TS-0324","D-DWG-PHW-010","","6426.4","Trench Stop","","","","","","","","","","","","","","","","","","","","","",""
"","","","","","","","","","","PHW","PHW-BS-0039","D-DWG-PHW-010","","6429.35","Bulk Head ","","","","","","","","","","","","","","","","","","","","","",""
"","","","","","","","","","","PHW","PHW-TS-0325","D-DWG-PHW-010","","6432.3","Trench Stop","","","","","","","","","","","","","","","","","","","","","",""
"","","","","","","","","","","PHW","PHW-TS-0326","D-DWG-PHW-010","","6452.5","Trench Stop","","","","","","","","","","","","","","","","","","","","","",""
"","","","","","","","","","","PHW","PHW-TS-0327","D-DWG-PHW-010","","6459.5","Trench Stop","","","","","","","","","","","","","","","","","","","","","",""
"","","","","","","","","","","PHW","PHW-TS-0328","D-DWG-PHW-010","","6466.5","Trench Stop","","","","","","","","","","","","","","","","","","","","","",""
"","","","","","","","","","","PHW","PHW-BS-0040","D-DWG-PHW-010","","6474","Bulk Head ","","","","","","","","","","","","","","","","","","","","","",""
"","","","","","","","","","","PHW","PHW-TS-0329","D-DWG-PHW-010","","6525.9","Trench Stop","","","","","","","","","","","","","","","","","","","","","",""
"","","","","","","","","","","PHW","PHW-TS-0330","D-DWG-PHW-010","","6545.1","Trench Stop","","","","","","","","","","","","","","","","","","","","","",""
"","","","","","","","","","","PHW","PHW-TS-0331","D-DWG-PHW-010","","6564.3","Trench Stop","","","","","","","","","","","","","","","","","","","","","",""
"","","","","","","","","","","PHW","PHW-TS-0332","D-DWG-PHW-010","","6937.9","Trench Stop","","","","","","","","","","","","","","","","","","","","","",""
"","","","","","","","","","","PHW","PHW-TS-0333","D-DWG-PHW-010","","6947.1","Trench Stop","","","","","","","","","","","","","","","","","","","","","",""
"","","","","","","","","","","PHW","PHW-TS-0334","D-DWG-PHW-010","","6956.3","Trench Stop","","","","","","","","","","","","","","","","","","","","","",""
"","","","","","","","","","","PHW","PHW-TS-0335","D-DWG-PHW-010","","6965.5","Trench Stop","","","","","","","","","","","","","","","","","","","","","",""
"","","","","","","","","","","PHW","PHW-TS-0336","D-DWG-PHW-012","","7839.4","Trench Stop","","","","","","","","","","","","","","","","","","","","","",""
"","","","","","","","","","","PHW","PHW-TS-0337","D-DWG-PHW-012","","7851.8","Trench Stop","","","","","","","","","","","","","","","","","","","","","",""
"","","","","","","","","","","PHW","PHW-TS-0338","D-DWG-PHW-012","","7864.2","Trench Stop","","","","","","","","","","","","","","","","","","","","","",""
"","","","","","","","","","","PHW","PHW-TS-0339","D-DWG-PHW-012","","7876.6","Trench Stop","","","","","","","","","","","","","","","","","","","","","",""
"","","","","","","","","","","PHW","PHW-TS-0340","D-DWG-PHW-012","","7937.9","Trench Stop","","","","","","","","","","","","","","","","","","","","","",""
"","","","","","","","","","","PHW","PHW-TS-0341","D-DWG-PHW-012","","7948.9","Trench Stop","","","","","","","","","","","","","","","","","","","","","",""
"","","","","","","","","","","PHW","PHW-TS-0342","D-DWG-PHW-012","","7959.9","Trench Stop","","","","","","","","","","","","","","","","","","","","","",""
"","","","","","","","","","","PHW","PHW-TS-0343","D-DWG-PHW-012","","7970.9","Trench Stop","","","","","","","","","","","","","","","","","","","","","",""
"","","","","","","","","","","PHW","PHW-TS-0344","D-DWG-PHW-012","","8192.4","Trench Stop","","","","","","","","","","","","","","","","","","","","","",""
"","","","","","","","","","","PHW","PHW-TS-0345","D-DWG-PHW-012","","8210","Trench Stop","","","","","","","","","","","","","","","","","","","","","",""
"","","","","","","","","","","PHW","PHW-TS-0346","D-DWG-PHW-012","","8285.9","Trench Stop","","","","","","","","","","","","","","","","","","","","","",""
"","","","","","","","","","","PHW","PHW-TS-0347","D-DWG-PHW-012","","8296.5","Trench Stop","","","","","","","","","","","","","","","","","","","","","",""
"","","","","","","","","","","PHW","PHW-TS-0348","D-DWG-PHW-012","","8307.1","Trench Stop","","","","","","","","","","","","","","","","","","","","","",""
"","","","","","","","","","","PHW","PHW-TS-0349","D-DWG-PHW-012","","8317.7","Trench Stop","","","","","","","","","","","","","","","","","","","","","",""
"","","","","","","","","","","PHW","PHW-TS-0350","D-DWG-PHW-012","","8328.3","Trench Stop","","","","","","","","","","","","","","","","","","","","","",""
"","","","","","","","","","","PHW","PHW-TS-0351","D-DWG-PHW-012","","8338.9","Trench Stop","","","","","","","","","","","","","","","","","","","","","",""
"","","","","","","","","","","PHW","PHW-TS-0352","D-DWG-PHW-012","","8349.5","Trench Stop","","","","","","","","","","","","","","","","","","","","","",""
"","","","","","","","","","","PHW","PHW-TS-0353","D-DWG-PHW-012","","8360.1","Trench Stop","","","","","","","","","","","","","","","","","","","","","",""
"","","","","","","","","","","PHW","PHW-TS-0354","D-DWG-PHW-012","","8370.7","Trench Stop","","","","","","","","","","","","","","","","","","","","","",""
"","","","","","","","","","","PHW","PHW-TS-0355","D-DWG-PHW-013","","9059.5","Trench Stop","","","","","","","","","","","","","","","","","","","","","",""
"","","","","","","","","","","PHW","PHW-TS-0356","D-DWG-PHW-013","","9067.5","Trench Stop","","","","","","","","","","","","","","","","","","","","","",""
"","","","","","","","","","","PHW","PHW-TS-0357","D-DWG-PHW-013","","9075.5","Trench Stop","","","","","","","","","","","","","","","","","","","","","",""
"","","","","","","","","","","PHW","PHW-TS-0358","D-DWG-PHW-014","","9126.6","Trench Stop","","","","","","","","","","","","","","","","","","","","","",""
"","","","","","","","","","","PHW","PHW-TS-0359","D-DWG-PHW-014","","9138.4","Trench Stop","","","","","","","","","","","","","","","","","","","","","",""
"","","","","","","","","","","PHW","PHW-TS-0360","D-DWG-PHW-014","","9150.2","Trench Stop","","","","","","","","","","","","","","","","","","","","","",""
"","","","","","","","","","","PHW","PHW-TS-0361","D-DWG-PHW-014","","9162","Trench Stop","","","","","","","","","","","","","","","","","","","","","",""
"","","","","","","","","","","PHW","PHW-TS-0362","D-DWG-PHW-014","","9173.8","Trench Stop","","","","","","","","","","","","","","","","","","","","","",""
"","","","","","","","","","","PHW","PHW-TS-0363","D-DWG-PHW-014","","9185.6","Trench Stop","","","","","","","","","","","","","","","","","","","","","",""
"","","","","","","","","","","PHW","PHW-TS-0364","D-DWG-PHW-014","","9197.4","Trench Stop","","","","","","","","","","","","","","","","","","","","","",""
"","","","","","","","","","","PHW","PHW-TS-0365","D-DWG-PHW-014","","9209.2","Trench Stop","","","","","","","","","","","","","","","","","","","","","",""
"","","","","","","","","","","PHW","PHW-TS-0366","D-DWG-PHW-014","","9221","Trench Stop","","","","","","","","","","","","","","","","","","","","","",""
"","","","","","","","","","","PHW","PHW-TS-0367","D-DWG-PHW-014","","9232.79999999999","Trench Stop","","","","","","","","","","","","","","","","","","","","","",""
"","","","","","","","","","","PHW","PHW-TS-0368","D-DWG-PHW-014","","9244.59999999999","Trench Stop","","","","","","","","","","","","","","","","","","","","","",""
"","","","","","","","","","","PHW","PHW-TS-0369","D-DWG-PHW-014","","9256.39999999999","Trench Stop","","","","","","","","","","","","","","","","","","","","","",""
"","","","","","","","","","","PHW","PHW-TS-0370","D-DWG-PHW-014","","9441.2","Trench Stop","","","","","","","","","","","","","","","","","","","","","",""
"","","","","","","","","","","PHW","PHW-TS-0371","D-DWG-PHW-014","","9452","Trench Stop","","","","","","","","","","","","","","","","","","","","","",""
"","","","","","","","","","","PHW","PHW-TS-0372","D-DWG-PHW-014","","9462.8","Trench Stop","","","","","","","","","","","","","","","","","","","","","",""
"","","","","","","","","","","PHW","PHW-TS-0373","D-DWG-PHW-014","","9473.6","Trench Stop","","","","","","","","","","","","","","","","","","","","","",""
"","","","","","","","","","","PHW","PHW-TS-0374","D-DWG-PHW-014","","9484.4","Trench Stop","","","","","","","","","","","","","","","","","","","","","",""
"","","","","","","","","","","PHW","PHW-TS-0375","D-DWG-PHW-014","","9495.2","Trench Stop","","","","","","","","","","","","","","","","","","","","","",""
"","","","","","","","","","","PHW","PHW-TS-0376","D-DWG-PHW-014","","9506","Trench Stop","","","","","","","","","","","","","","","","","","","","","",""
"","","","","","","","","","","PHW","PHW-TS-0377","D-DWG-PHW-015","","9840.5","Trench Stop","","","","","","","","","","","","","","","","","","","","","",""
"","","","","","","","","","","PHW","PHW-TS-0378","D-DWG-PHW-015","","9852.1","Trench Stop","","","","","","","","","","","","","","","","","","","","","",""
"","","","","","","","","","","PHW","PHW-TS-0379","D-DWG-PHW-015","","9981.4","Trench Stop","","","","","","","","","","","","","","","","","","","","","",""
"","","","","","","","","","","PHW","PHW-TS-0380","D-DWG-PHW-015","","9987.5","Trench Stop","","","","","","","","","","","","","","","","","","","","","",""
"","","","","","","","","","","PHW","PHW-TS-0381","D-DWG-PHW-015","","9993.6","Trench Stop","","","","","","","","","","","","","","","","","","","","","",""
"","","","","","","","","","","PHW","PHW-TS-0382","D-DWG-PHW-015","","10373.15","Trench Stop","","","","","","","","","","","","","","","","","","","","","",""
"","","","","","","","","","","PHW","PHW-TS-0383","D-DWG-PHW-017","","11279.5","Trench Stop","","","","","","","","","","","","","","","","","","","","","",""
"","","","","","","","","","","PHW","PHW-TS-0384","D-DWG-PHW-017","","11328.6","Trench Stop","","","","","","","","","","","","","","","","","","","","","",""
"","","","","","","","","","","PHW","PHW-TS-0385","D-DWG-PHW-017","","11345.9","Trench Stop","","","","","","","","","","","","","","","","","","","","","",""
"","","","","","","","","","","PHW","PHW-TS-0386","D-DWG-PHW-017","","11581","Trench Stop","","","","","","","","","","","","","","","","","","","","","",""
"","","","","","","","","","","PHW","PHW-TS-0387","D-DWG-PHW-017","","11584.3","Trench Stop","","","","","","","","","","","","","","","","","","","","","",""
"","","","","","","","","","","PHW","PHW-TS-0388","D-DWG-PHW-017","","11587.6","Trench Stop","","","","","","","","","","","","","","","","","","","","","",""
"","","","","","","","","","","PHW","PHW-TS-0389","D-DWG-PHW-018","","12461","Trench Stop","","","","","","","","","","","","","","","","","","","","","",""
"","","","","","","","","","","PHW","PHW-TS-0390","D-DWG-PHW-018","","12468","Trench Stop","","","","","","","","","","","","","","","","","","","","","",""
"","","","","","","","","","","PHW","PHW-TS-0391","D-DWG-PHW-019","","12646.7","Trench Stop","","","","","","","","","","","","","","","","","","","","","",""
"","","","","","","","","","","PHW","PHW-TS-0392","D-DWG-PHW-019","","13242.2","Trench Stop","","","","","","","","","","","","","","","","","","","","","",""
"","","","","","","","","","","PHW","PHW-TS-0393","D-DWG-PHW-019","","13249.7","Trench Stop","","","","","","","","","","","","","","","","","","","","","",""
"","","","","","","","","","","PHW","PHW-TS-0394","D-DWG-PHW-028","","19009.5","Trench Stop","","","","","","","","","","","","","","","","","","","","","",""
"","","","","","","","","","","PHW","PHW-TS-0395","D-DWG-PHW-028","","19022.1","Trench Stop","","","","","","","","","","","","","","","","","","","","","",""
"","","","","","","","","","","PHW","PHW-TS-0396","D-DWG-PHW-028","","19039.67","Trench Stop","","","","","","","","","","","","","","","","","","","","","",""
"","","","","","","","","","","PHW","PHW-TS-0397","D-DWG-PHW-028","","19047.47","Trench Stop","","","","","","","","","","","","","","","","","","","","","",""
"","","","","","","","","","","PHW","PHW-TS-0398","D-DWG-PHW-028","","19055.27","Trench Stop","","","","","","","","","","","","","","","","","","","","","",""
"","","","","","","","","","","PHW","PHW-TS-0399","D-DWG-PHW-028","","19063.07","Trench Stop","","","","","","","","","","","","","","","","","","","","","",""
"","","","","","","","","","","PHW","PHW-TS-0400","D-DWG-PHW-028","","19070.87","Trench Stop","","","","","","","","","","","","","","","","","","","","","",""
"","","","","","","","","","","PHW","PHW-TS-0401","D-DWG-PHW-028","","19078.67","Trench Stop","","","","","","","","","","","","","","","","","","","","","",""
"","","","","","","","","","","PHW","PHW-TS-0402","D-DWG-PHW-028","","19086.47","Trench Stop","","","","","","","","","","","","","","","","","","","","","",""
"","","","","","","","","","","PHW","PHW-TS-0403","D-DWG-PHW-028","","19094.27","Trench Stop","","","","","","","","","","","","","","","","","","","","","",""
"","","","","","","","","","","PHW","PHW-TS-0404","D-DWG-PHW-028","","19102.07","Trench Stop","","","","","","","","","","","","","","","","","","","","","",""
"","","","","","","","","","","PHW","PHW-TS-0405","D-DWG-PHW-028","","19109.87","Trench Stop","","","","","","","","","","","","","","","","","","","","","",""
"","","","","","","","","","","PHW","PHW-TS-0406","D-DWG-PHW-028","","19111","Trench Stop","","","","","","","","","","","","","","","","","","","","","",""
"","","","","","","","","","","PHW","PHW-BS-0041","D-DWG-PHW-028","","19139.744","Bulk Head ","","","","","","","","","","","","","","","","","","","","","",""
"","","","","","","","","","","PHW","PHW-BS-0042","D-DWG-PHW-028","","19141.144","Bulk Head ","","","","","","","","","","","","","","","","","","","","","",""
"","","","","","","","","","","PHW","PHW-BS-0043","D-DWG-PHW-028","","19142.544","Bulk Head ","","","","","","","","","","","","","","","","","","","","","",""
"","","","","","","","","","","PHW","PHW-BS-0044","D-DWG-PHW-028","","19143.944","Bulk Head ","","","","","","","","","","","","","","","","","","","","","",""
"","","","","","","","","","","PHW","PHW-BS-0045","D-DWG-PHW-028","","19145.344","Bulk Head ","","","","","","","","","","","","","","","","","","","","","",""
"","","","","","","","","","","PHW","PHW-BS-0046","D-DWG-PHW-028","","19146.744","Bulk Head ","","","","","","","","","","","","","","","","","","","","","",""
"","","","","","","","","","","PWG ","PWG-TS-0001","D-DWG-PWG-001","","2","Trench Stop","","","","","","","","","","","","","","","","","","","","","",""
"","","","","","","","","","","PWG ","PWG-BS-0001","D-DWG-PWG-001","","7","Bulk Head ","","","","","","","","","","","","","","","","","","","","","",""
"","","","","","","","","","","PWG ","PWG-TS-0002","D-DWG-PWG-001","","12","Trench Stop","","","","","","","","","","","","","","","","","","","","","",""
"","","","","","","","","","","PWG ","PWG-TS-0003","D-DWG-PWG-002","","1190.9","Trench Stop","","","","","","","","","","","","","","","","","","","","","",""
"","","","","","","","","","","PWG ","PWG-TS-0004","D-DWG-PWG-003","","2052.9","Trench Stop","","","","","","","","","","","","","","","","","","","","","",""
"","","","","","","","","","","PWG ","PWG-TS-0005","D-DWG-PWG-003","","2061.5","Trench Stop","","","","","","","","","","","","","","","","","","","","","",""
"","","","","","","","","","","PWG ","PWG-TS-0006","D-DWG-PWG-006","","4010.3","Trench Stop","","","","","","","","","","","","","","","","","","","","","",""
"","","","","","","","","","","PWG ","PWG-TS-0007","D-DWG-PWG-008","","5445.3","Trench Stop","","","","","","","","","","","","","","","","","","","","","",""
"","","","","","","","","","","PWG ","PWG-TS-0008","D-DWG-PWG-013","","8669.8","Trench Stop","","","","","","","","","","","","","","","","","","","","","",""
"","","","","","","","","","","PWG ","PWG-TS-0009","D-DWG-PWG-013","","8677","Trench Stop","","","","","","","","","","","","","","","","","","","","","",""
"","","","","","","","","","","PWG ","PWG-TS-0010","D-DWG-PWG-014","","9344.9","Trench Stop","","","","","","","","","","","","","","","","","","","","","",""
"","","","","","","","","","","PWG ","PWG-TS-0011","D-DWG-PWG-014","","9358.4","Trench Stop","","","","","","","","","","","","","","","","","","","","","",""
"","","","","","","","","","","PWG ","PWG-TS-0012","D-DWG-PWG-014","","9371.9","Trench Stop","","","","","","","","","","","","","","","","","","","","","",""
"","","","","","","","","","","PWG ","PWG-TS-0013","D-DWG-PWG-015","","9810.2","Trench Stop","","","","","","","","","","","","","","","","","","","","","",""
"","","","","","","","","","","PWG ","PWG-TS-0014","D-DWG-PWG-015","","9825.8","Trench Stop","","","","","","","","","","","","","","","","","","","","","",""
"","","","","","","","","","","PWG ","PWG-TS-0015","D-DWG-PWG-015","","9841.4","Trench Stop","","","","","","","","","","","","","","","","","","","","","",""
"","","","","","","","","","","PWG ","PWG-TS-0016","D-DWG-PWG-016","","11111.31","Trench Stop","","","","","","","","","","","","","","","","","","","","","",""
"","","","","","","","","","","PWG ","PWG-TS-0017","D-DWG-PWG-016","","11118.61","Trench Stop","","","","","","","","","","","","","","","","","","","","","",""
"","","","","","","","","","","PWG ","PWG-TS-0018","D-DWG-PWG-016","","11125.91","Trench Stop","","","","","","","","","","","","","","","","","","","","","",""
"","","","","","","","","","","PWG ","PWG-TS-0019","D-DWG-PWG-017","","11305.8","Trench Stop","","","","","","","","","","","","","","","","","","","","","",""
"","","","","","","","","","","PWG ","PWG-TS-0020","D-DWG-PWG-017","","11318.5","Trench Stop","","","","","","","","","","","","","","","","","","","","","",""
"","","","","","","","","","","PWG ","PWG-TS-0021","D-DWG-PWG-017","","11331.2","Trench Stop","","","","","","","","","","","","","","","","","","","","","",""
"","","","","","","","","","","PWG ","PWG-TS-0022","D-DWG-PWG-020","","13376.5","Trench Stop","","","","","","","","","","","","","","","","","","","","","",""
"","","","","","","","","","","PWG ","PWG-TS-0023","D-DWG-PWG-020","","13384.4","Trench Stop","","","","","","","","","","","","","","","","","","","","","",""
"","","","","","","","","","","PWG ","PWG-TS-0024","D-DWG-PWG-020","","13392.3","Trench Stop","","","","","","","","","","","","","","","","","","","","","",""
"","","","","","","","","","","PWG ","PWG-TS-0025","D-DWG-PWG-021","","14244.2","Trench Stop","","","","","","","","","","","","","","","","","","","","","",""
"","","","","","","","","","","PWG ","PWG-TS-0026","D-DWG-PWG-021","","14254.6","Trench Stop","","","","","","","","","","","","","","","","","","","","","",""
"","","","","","","","","","","PWG ","PWG-TS-0027","D-DWG-PWG-021","","14577.5","Trench Stop","","","","","","","","","","","","","","","","","","","","","",""
"","","","","","","","","","","PWG ","PWG-TS-0028","D-DWG-PWG-021","","14588.8","Trench Stop","","","","","","","","","","","","","","","","","","","","","",""
"","","","","","","","","","","PWG ","PWG-TS-0029","D-DWG-PWG-021","","14600.1","Trench Stop","","","","","","","","","","","","","","","","","","","","","",""
"","","","","","","","","","","PWG ","PWG-TS-0030","D-DWG-PWG-021","","14611.4","Trench Stop","","","","","","","","","","","","","","","","","","","","","",""
"","","","","","","","","","","PWG ","PWG-TS-0031","D-DWG-PWG-021","","14622.7","Trench Stop","","","","","","","","","","","","","","","","","","","","","",""
"","","","","","","","","","","PWG ","PWG-TS-0032","D-DWG-PWG-027","","18779.3","Trench Stop","","","","","","","","","","","","","","","","","","","","","",""
"","","","","","","","","","","PWG ","PWG-TS-0033","D-DWG-PWG-036","","25025.6","Trench Stop","","","","","","","","","","","","","","","","","","","","","",""
"","","","","","","","","","","PWG ","PWG-TS-0034","D-DWG-PWG-036","","25039.6","Trench Stop","","","","","","","","","","","","","","","","","","","","","",""
"","","","","","","","","","","PWG ","PWG-TS-0035","D-DWG-PWG-036","","25053.6","Trench Stop","","","","","","","","","","","","","","","","","","","","","",""
"","","","","","","","","","","PWG ","PWG-TS-0036","D-DWG-PWG-036","","25067.6","Trench Stop","","","","","","","","","","","","","","","","","","","","","",""
