"Col2","Located","C&G","TRENCH","Surveyors PtNo","E","N","Z","Survey Code","Actual Chainage","Asset Id","KP","Pipeline Section","Utility Type","Utility Description","Operator","Location","Material","Size (mm)","ID","Proven to Underside of Service","Test Point","C&G Code","Trench Code","Proposed Crossing Method","Parallel or Crossed","Design Drawing","DBYD SEQ","Separation (m) (Minimum 600mm clearance to underside of asse","Asset DOC (m)","Pipeline DOC (m)","Depth to Underside of Asset (m)","Crossover","Within","Permit to Excavate Near Assets Required?","Permit/Notification Date","Crossing Permit Required?","Permit/Notification Date 2","Comments","Thrust Block Category"
"","","","","","","","","","","PPH-TB-001","63.236","PPH","THRUST BLOCK","Type 5","","","DICL","500","","","","","","","","","","","","","","","","","","","","","Bend"
"","","","","","","","","","","PPH-TB-002","81.352","PPH","THRUST BLOCK","Type 5","","","DICL","500","","","","","","","","","","","","","","","","","","","","","Bend"
"","","","","","","","","","","PPH-TB-003","94.039","PPH","THRUST BLOCK","Type 5","","","DICL","500","","","","","","","","","","","","","","","","","","","","","Bend"
"","","","","","","","","","","PPH-TB-004","833.013","PPH","THRUST BLOCK","Type 5","","","DICL","500","","","","","","","","","","","","","","","","","","","","","Bend"
"","","","","","","","","","","PPH-TB-005","871.821","PPH","THRUST BLOCK","Type 5","","","DICL","500","","","","","","","","","","","","","","","","","","","","","Bend"
"","","","","","","","","","","PPH-TB-006","988.07","PPH","THRUST BLOCK","Type 5","","","DICL","500","","","","","","","","","","","","","","","","","","","","","Bend"
"","","","","","","","","","","PPH-TB-007","992.261","PPH","THRUST BLOCK","Type 5","","","DICL","500","","","","","","","","","","","","","","","","","","","","","Bend"
"","","","","","","","","","","PHW-TB-001","18.832","PHW","THRUST BLOCK","Type 7","","","DICL","600","","","","","","","","","","","","","","","","","","","","","Bend"
"","","","","","","","","","","PHW-TB-002","848.792","PHW","THRUST BLOCK","Type 7","","","DICL","600","","","","","","","","","","","","","","","","","","","","","Bend"
"","","","","","","","","","","PHW-TB-003","899.995","PHW","THRUST BLOCK","Type 6","","","DICL","600","","","","","","","","","","","","","","","","","","","","","Bend"
"","","","","","","","","","","PHW-TB-004","1086.423","PHW","THRUST BLOCK","Type 6","","","DICL","600","","","","","","","","","","","","","","","","","","","","","Bend"
"","","","","","","","","","","PHW-TB-005","1137.626","PHW","THRUST BLOCK","Type 3","","","DICL","600","","","","","","","","","","","","","","","","","","","","","Bend"
"","","","","","","","","","","PHW-TB-006","1256.696","PHW","THRUST BLOCK","Type 3","","","DICL","600","","","","","","","","","","","","","","","","","","","","","Bend"
"","","","","","","","","","","PHW-TB-007","1265.039","PHW","THRUST BLOCK","Type 1","","","DICL","600","","","","","","","","","","","","","","","","","","","","","Bend"
"","","","","","","","","","","PHW-TB-008","1451.029","PHW","THRUST BLOCK","Type 1","","","DICL","600","","","","","","","","","","","","","","","","","","","","","Bend"
"","","","","","","","","","","PHW-TB-009","1471.052","PHW","THRUST BLOCK","Type 8","","","DICL","600","","","","","","","","","","","","","","","","","","","","","Bend"
"","","","","","","","","","","PHW-TB-010","1675.935","PHW","THRUST BLOCK","Type 10","","","DICL","600","","","","","","","","","","","","","","","","","","","","","Bend"
"","","","","","","","","","","PHW-TB-011","1733.958","PHW","THRUST BLOCK","Type 10","","","MSCL","650","","","","","","","","","","","","","","","","","","","","","Bend"
"","","","","","","","","","","PHW-TB-012","1802.818","PHW","THRUST BLOCK","Type 1","","","DICL","600","","","","","","","","","","","","","","","","","","","","","Bend"
"","","","","","","","","","","PHW-TB-013","1870.316","PHW","THRUST BLOCK","Type 2","","","DICL","600","","","","","","","","","","","","","","","","","","","","","Bend"
"","","","","","","","","","","PHW-TB-014","1878.593","PHW","THRUST BLOCK","Type 3","","","DICL","600","","","","","","","","","","","","","","","","","","","","","Bend"
"","","","","","","","","","","PHW-TB-015","2029.495","PHW","THRUST BLOCK","Type 3","","","DICL","600","","","","","","","","","","","","","","","","","","","","","Bend"
"","","","","","","","","","","PHW-TB-016","2036.932","PHW","THRUST BLOCK","Type 2","","","MSCL","650","","","","","","","","","","","","","","","","","","","","","Bend"
"","","","","","","","","","","PHW-TB-017","2336.958","PHW","THRUST BLOCK","Type 2","","","DICL","600","","","","","","","","","","","","","","","","","","","","","Bend"
"","","","","","","","","","","PHW-TB-018","2500.706","PHW","THRUST BLOCK","Type 6","","","MSCL","650","","","","","","","","","","","","","","","","","","","","","Bend"
"","","","","","","","","","","PHW-TB-019","2536.539","PHW","THRUST BLOCK","Type 5","","","DICL","600","","","","","","","","","","","","","","","","","","","","","Bend"
"","","","","","","","","","","PHW-TB-020","2667.545","PHW","THRUST BLOCK","Type 4","","","DICL","600","","","","","","","","","","","","","","","","","","","","","Bend"
"","","","","","","","","","","PHW-TB-021","2679.259","PHW","THRUST BLOCK","Type 7","","","DICL","600","","","","","","","","","","","","","","","","","","","","","Bend"
"","","","","","","","","","","PHW-TB-022","2793.96","PHW","THRUST BLOCK","Type 4","","","MSCL","650","","","","","","","","","","","","","","","","","","","","","Bend"
"","","","","","","","","","","PHW-TB-023","2802.89","PHW","THRUST BLOCK","Type 5","","","MSCL","650","","","","","","","","","","","","","","","","","","","","","Bend"
"","","","","","","","","","","PHW-TB-024","2819.519","PHW","THRUST BLOCK","Type 6","","","DICL","600","","","","","","","","","","","","","","","","","","","","","Bend"
"","","","","","","","","","","PHW-TB-025","3354.973","PHW","THRUST BLOCK","Type 3","","","DICL","600","","","","","","","","","","","","","","","","","","","","","Bend"
"","","","","","","","","","","PHW-TB-026","3534.937","PHW","THRUST BLOCK","Type 4","","","MSCL","650","","","","","","","","","","","","","","","","","","","","","Bend"
"","","","","","","","","","","PHW-TB-027","3549.714","PHW","THRUST BLOCK","Type 5","","","DICL","600","","","","","","","","","","","","","","","","","","","","","Bend"
"","","","","","","","","","","PHW-TB-028","3833.98","PHW","THRUST BLOCK","Type 9","","","DICL","600","","","","","","","","","","","","","","","","","","","","","Bend"
"","","","","","","","","","","PHW-TB-029","3843.886","PHW","THRUST BLOCK","Type 5","","","DICL","600","","","","","","","","","","","","","","","","","","","","","Bend"
"","","","","","","","","","","PHW-TB-030","3858.762","PHW","THRUST BLOCK","Type 6","","","DICL","600","","","","","","","","","","","","","","","","","","","","","Bend"
"","","","","","","","","","","PHW-TB-031","4304.94","PHW","THRUST BLOCK","Type 7","","","DICL","600","","","","","","","","","","","","","","","","","","","","","Bend"
"","","","","","","","","","","PHW-TB-032","4409.494","PHW","THRUST BLOCK","Type 4","","","DICL","600","","","","","","","","","","","","","","","","","","","","","Bend"
"","","","","","","","","","","PHW-TB-033","4413.12","PHW","THRUST BLOCK","Type 9","","","DICL","600","","","","","","","","","","","","","","","","","","","","","Bend"
"","","","","","","","","","","PHW-TB-034","4859.322","PHW","THRUST BLOCK","Type 5","","","DICL","600","","","","","","","","","","","","","","","","","","","","","Bend"
"","","","","","","","","","","PHW-TB-035","5356.119","PHW","THRUST BLOCK","Type 7","","","DICL","600","","","","","","","","","","","","","","","","","","","","","Bend"
"","","","","","","","","","","PHW-TB-036","5386.241","PHW","THRUST BLOCK","Type 5","","","DICL","600","","","","","","","","","","","","","","","","","","","","","Bend"
"","","","","","","","","","","PHW-TB-037","5498.469","PHW","THRUST BLOCK","Type 7","","","DICL","600","","","","","","","","","","","","","","","","","","","","","Bend"
"","","","","","","","","","","PHW-TB-038","5641.654","PHW","THRUST BLOCK","Type 9","","","DICL","600","","","","","","","","","","","","","","","","","","","","","Bend"
"","","","","","","","","","","PHW-TB-039","5719.91","PHW","THRUST BLOCK","Type 7","","","DICL","600","","","","","","","","","","","","","","","","","","","","","Bend"
"","","","","","","","","","","PHW-TB-040","5823.561","PHW","THRUST BLOCK","Type 9","","","DICL","600","","","","","","","","","","","","","","","","","","","","","Bend"
"","","","","","","","","","","PHW-TB-041","5851.91","PHW","THRUST BLOCK","Type 7","","","DICL","600","","","","","","","","","","","","","","","","","","","","","Bend"
"","","","","","","","","","","PHW-TB-042","5909.993","PHW","THRUST BLOCK","Type 5","","","DICL","600","","","","","","","","","","","","","","","","","","","","","Bend"
"","","","","","","","","","","PHW-TB-043","6101.187","PHW","THRUST BLOCK","Type 7","","","DICL","600","","","","","","","","","","","","","","","","","","","","","Bend"
"","","","","","","","","","","PHW-TB-044","6181.401","PHW","THRUST BLOCK","Type 7","","","MSCL","650","","","","","","","","","","","","","","","","","","","","","Bend"
"","","","","","","","","","","PHW-TB-045","7780.848","PHW","THRUST BLOCK","Type 7","","","DICL","600","","","","","","","","","","","","","","","","","","","","","Bend"
"","","","","","","","","","","PHW-TB-046","7936.403","PHW","THRUST BLOCK","Type 4","","","DICL","600","","","","","","","","","","","","","","","","","","","","","Bend"
"","","","","","","","","","","PHW-TB-047","8345.315","PHW","THRUST BLOCK","Type 7","","","DICL","600","","","","","","","","","","","","","","","","","","","","","Bend"
"","","","","","","","","","","PHW-TB-048","8350.305","PHW","THRUST BLOCK","Type 5","","","DICL","600","","","","","","","","","","","","","","","","","","","","","Bend"
"","","","","","","","","","","PHW-TB-049","8676.185","PHW","THRUST BLOCK","Type 7","","","DICL","600","","","","","","","","","","","","","","","","","","","","","Bend"
"","","","","","","","","","","PHW-TB-050","8768.417","PHW","THRUST BLOCK","Type 5","","","DICL","600","","","","","","","","","","","","","","","","","","","","","Bend"
"","","","","","","","","","","PHW-TB-051","9056.494","PHW","THRUST BLOCK","Type 5","","","DICL","600","","","","","","","","","","","","","","","","","","","","","Bend"
"","","","","","","","","","","PHW-TB-052","9146.86","PHW","THRUST BLOCK","Type 7","","","DICL","600","","","","","","","","","","","","","","","","","","","","","Bend"
"","","","","","","","","","","PHW-TB-053","9411.852","PHW","THRUST BLOCK","Type 7","","","DICL","600","","","","","","","","","","","","","","","","","","","","","Bend"
"","","","","","","","","","","PHW-TB-054","9422.385","PHW","THRUST BLOCK","Type 4","","","DICL","600","","","","","","","","","","","","","","","","","","","","","Bend"
"","","","","","","","","","","PHW-TB-055","9885.483","PHW","THRUST BLOCK","Type 10","","","DICL","600","","","","","","","","","","","","","","","","","","","","","Bend"
"","","","","","","","","","","PHW-TB-056","9979.18","PHW","THRUST BLOCK","Type 6","","","DICL","600","","","","","","","","","","","","","","","","","","","","","Bend"
"","","","","","","","","","","PHW-TB-057","9984.731","PHW","THRUST BLOCK","Type 4","","","DICL","600","","","","","","","","","","","","","","","","","","","","","Bend"
"","","","","","","","","","","PHW-TB-058","10177.634","PHW","THRUST BLOCK","Type 4","","","DICL","600","","","","","","","","","","","","","","","","","","","","","Bend"
"","","","","","","","","","","PHW-TB-059","10319.973","PHW","THRUST BLOCK","Type 4","","","DICL","600","","","","","","","","","","","","","","","","","","","","","Bend"
"","","","","","","","","","","PHW-TB-060","10337.161","PHW","THRUST BLOCK","Type 6","","","DICL","600","","","","","","","","","","","","","","","","","","","","","Bend"
"","","","","","","","","","","PHW-TB-061","10378.599","PHW","THRUST BLOCK","Type 4","","","DICL","600","","","","","","","","","","","","","","","","","","","","","Bend"
"","","","","","","","","","","PHW-TB-062","10459.505","PHW","THRUST BLOCK","Type 1","","","DICL","600","","","","","","","","","","","","","","","","","","","","","Bend"
"","","","","","","","","","","PHW-TB-063","10699.881","PHW","THRUST BLOCK","Type 3","","","DICL","600","","","","","","","","","","","","","","","","","","","","","Bend"
"","","","","","","","","","","PHW-TB-064","11370.095","PHW","THRUST BLOCK","Type 6","","","DICL","600","","","","","","","","","","","","","","","","","","","","","Bend"
"","","","","","","","","","","PHW-TB-065","11382.203","PHW","THRUST BLOCK","Type 4","","","MSCL","650","","","","","","","","","","","","","","","","","","","","","Bend"
"","","","","","","","","","","PHW-TB-066","11589.46","PHW","THRUST BLOCK","Type 4","","","MSCL","650","","","","","","","","","","","","","","","","","","","","","Bend"
"","","","","","","","","","","PHW-TB-067","13230.192","PHW","THRUST BLOCK","Type 4","","","DICL","600","","","","","","","","","","","","","","","","","","","","","Bend"
"","","","","","","","","","","PHW-TB-068","13238.609","PHW","THRUST BLOCK","Type 7","","","DICL","600","","","","","","","","","","","","","","","","","","","","","Bend"
"","","","","","","","","","","PHW-TB-069","13674.348","PHW","THRUST BLOCK","Type 1","","","DICL","600","","","","","","","","","","","","","","","","","","","","","Bend"
"","","","","","","","","","","PHW-TB-070","14107.829","PHW","THRUST BLOCK","Type 1","","","DICL","600","","","","","","","","","","","","","","","","","","","","","Bend"
"","","","","","","","","","","PHW-TB-071","14119.348","PHW","THRUST BLOCK","Type 10","","","DICL","600","","","","","","","","","","","","","","","","","","","","","Bend"
"","","","","","","","","","","PHW-TB-072","17043.684","PHW","THRUST BLOCK","Type 1","","","MSCL","650","","","","","","","","","","","","","","","","","","","","","Bend"
"","","","","","","","","","","PHW-TB-073","18060.322","PHW","THRUST BLOCK","Type 1","","","DICL","600","","","","","","","","","","","","","","","","","","","","","Bend"
"","","","","","","","","","","PHW-TB-074","18066.852","PHW","THRUST BLOCK","Type 4","","","DICL","600","","","","","","","","","","","","","","","","","","","","","Bend"
"","","","","","","","","","","PHW-TB-075","18577.023","PHW","THRUST BLOCK","Type 4","","","DICL","600","","","","","","","","","","","","","","","","","","","","","Bend"
"","","","","","","","","","","PHW-TB-076","18590.921","PHW","THRUST BLOCK","Type 11","","","DICL","600","","","","","","","","","","","","","","","","","","","","","Bend"
"","","","","","","","","","","PWG-TB-001","0.548","PWG","THRUST BLOCK","Type 9","","","DICL","375","","","","","","","","","","","","","","","","","","","","","Bend"
"","","","","","","","","","","PWG-TB-002","14.172","PWG","THRUST BLOCK","Type 5","","","DICL","375","","","","","","","","","","","","","","","","","","","","","Bend"
"","","","","","","","","","","PWG-TB-003","42.513","PWG","THRUST BLOCK","Type 7","","","DICL","375","","","","","","","","","","","","","","","","","","","","","Bend"
"","","","","","","","","","","PWG-TB-004","228.027","PWG","THRUST BLOCK","Type 6","","","DICL","375","","","","","","","","","","","","","","","","","","","","","Bend"
"","","","","","","","","","","PWG-TB-005","323.528","PWG","THRUST BLOCK","Type 6","","","DICL","375","","","","","","","","","","","","","","","","","","","","","Bend"
"","","","","","","","","","","PWG-TB-006","424.209","PWG","THRUST BLOCK","Type 7","","","DICL","375","","","","","","","","","","","","","","","","","","","","","Bend"
"","","","","","","","","","","PWG-TB-007","611.583","PWG","THRUST BLOCK","Type 7","","","DICL","375","","","","","","","","","","","","","","","","","","","","","Bend"
"","","","","","","","","","","PWG-TB-008","700.553","PWG","THRUST BLOCK","Type 7","","","DICL","375","","","","","","","","","","","","","","","","","","","","","Bend"
"","","","","","","","","","","PWG-TB-009","995.153","PWG","THRUST BLOCK","Type 5","","","DICL","375","","","","","","","","","","","","","","","","","","","","","Bend"
"","","","","","","","","","","PWG-TB-010","1488.93","PWG","THRUST BLOCK","Type 5","","","DICL","375","","","","","","","","","","","","","","","","","","","","","Bend"
"","","","","","","","","","","PWG-TB-011","1507.505","PWG","THRUST BLOCK","Type 7","","","DICL","375","","","","","","","","","","","","","","","","","","","","","Bend"
"","","","","","","","","","","PWG-TB-012","1570.993","PWG","THRUST BLOCK","Type 7","","","DICL","375","","","","","","","","","","","","","","","","","","","","","Bend"
"","","","","","","","","","","PWG-TB-013","1630.183","PWG","THRUST BLOCK","Type 5","","","DICL","375","","","","","","","","","","","","","","","","","","","","","Bend"
"","","","","","","","","","","PWG-TB-014","1906.136","PWG","THRUST BLOCK","Type 6","","","DICL","375","","","","","","","","","","","","","","","","","","","","","Bend"
"","","","","","","","","","","PWG-TB-015","2596.042","PWG","THRUST BLOCK","Type 6","","","DICL","375","","","","","","","","","","","","","","","","","","","","","Bend"
"","","","","","","","","","","PWG-TB-016","2691.626","PWG","THRUST BLOCK","Type 7","","","DICL","375","","","","","","","","","","","","","","","","","","","","","Bend"
"","","","","","","","","","","PWG-TB-017","2916.826","PWG","THRUST BLOCK","Type 9","","","DICL","375","","","","","","","","","","","","","","","","","","","","","Bend"
"","","","","","","","","","","PWG-TB-018","4005.999","PWG","THRUST BLOCK","Type 11","","","DICL","375","","","","","","","","","","","","","","","","","","","","","Bend"
"","","","","","","","","","","PWG-TB-019","5442.668","PWG","THRUST BLOCK","Type 11","","","DICL","375","","","","","","","","","","","","","","","","","","","","","Bend"
"","","","","","","","","","","PWG-TB-020","5475.997","PWG","THRUST BLOCK","Type 7","","","MSCL","450","","","","","","","","","","","","","","","","","","","","","Bend"
"","","","","","","","","","","PWG-TB-021","7122.979","PWG","THRUST BLOCK","Type 7","","","DICL","375","","","","","","","","","","","","","","","","","","","","","Bend"
"","","","","","","","","","","PWG-TB-022","7177.914","PWG","THRUST BLOCK","Type 6","","","DICL","375","","","","","","","","","","","","","","","","","","","","","Bend"
"","","","","","","","","","","PWG-TB-023","7542.564","PWG","THRUST BLOCK","Type 6","","","MSCL","450","","","","","","","","","","","","","","","","","","","","","Bend"
"","","","","","","","","","","PWG-TB-024","7546.037","PWG","THRUST BLOCK","Type 6","","","MSCL","450","","","","","","","","","","","","","","","","","","","","","Bend"
"","","","","","","","","","","PWG-TB-025","7583.581","PWG","THRUST BLOCK","Type 6","","","DICL","375","","","","","","","","","","","","","","","","","","","","","Bend"
"","","","","","","","","","","RHF-TB-001","","RHF ","THRUST BLOCK","RHF TYPE 1","","","","","","","","","","","","","","","","","","","","","","","","","Facility (RHF) - not in pipeline index"
"","","","","","","","","","","RHF-TB-002","","RHF ","THRUST BLOCK","RHF TYPE 1","","","","","","","","","","","","","","","","","","","","","","","","","Facility (RHF) - not in pipeline index"
"","","","","","","","","","","RHF-TB-003","","RHF ","THRUST BLOCK","RHF TYPE 3","","","","","","","","","","","","","","","","","","","","","","","","","Facility (RHF) - not in pipeline index"
"","","","","","","","","","","RHF-TB-004","","RHF ","THRUST BLOCK","RHF TYPE 2","","","","","","","","","","","","","","","","","","","","","","","","","Facility (RHF) - not in pipeline index"
"","","","","","","","","","","RHF-TB-005","","RHF ","THRUST BLOCK","RHF TYPE 1","","","","","","","","","","","","","","","","","","","","","","","","","Facility (RHF) - not in pipeline index"
"","","","","","","","","","","RHF-TB-006","","RHF ","THRUST BLOCK","RHF TYPE 4","","","","","","","","","","","","","","","","","","","","","","","","","Facility (RHF) - not in pipeline index"
"","","","","","","","","","","RHF-TB-007","","RHF ","THRUST BLOCK","RHF TYPE 4","","","","","","","","","","","","","","","","","","","","","","","","","Facility (RHF) - not in pipeline index"
"+","","","","","","","","","","RHF-TB-008","","RHF ","THRUST BLOCK","RHF TYPE 2","","","","","","","","","","","","","","","","","","","","","","","","","Facility (RHF) - not in pipeline index"
"","","","","","","","","","","RHF-TB-009","","RHF ","THRUST BLOCK","RHF TYPE 1","","","","","","","","","","","","","","","","","","","","","","","","","Facility (RHF) - not in pipeline index"
"","","","","","","","","","","RHF-TB-010","","RHF ","THRUST BLOCK","RHF TYPE 4","","","","","","","","","","","","","","","","","","","","","","","","","Facility (RHF) - not in pipeline index"
"","","","","","","","","","","RHF-TB-011","","RHF ","THRUST BLOCK","RHF TYPE 4","","","","","","","","","","","","","","","","","","","","","","","","","Facility (RHF) - not in pipeline index"
"","","","","","","","","","","RHF-TB-012","","RHF ","THRUST BLOCK","RHF TYPE 1","","","","","","","","","","","","","","","","","","","","","","","","","Facility (RHF) - not in pipeline index"
"","","","","","","","","","","RHF-TB-013","","RHF ","THRUST BLOCK","TYPE 1","","","","","","","","","","","","","","","","","","","","","","","","","Facility (RHF) - not in pipeline index"
"","","","","","","","","","","PWG-TB-026","7587.138","PWG","THRUST BLOCK","Type 6","","","DICL","375","","","","","","","","","","","","","","","","","","","","","Bend"
"","","","","","","","","","","PWG-TB-027","7618.704","PWG","THRUST BLOCK","Type 7","","","DICL","375","","","","","","","","","","","","","","","","","","","","","Bend"
"","","","","","","","","","","PWG-TB-028","7619.979","PWG","THRUST BLOCK","Type 11","","","DICL","375","","","","","","","","","","","","","","","","","","","","","Bend"
"","","","","","","","","","","PWG-TB-029","7646.073","PWG","THRUST BLOCK","Type 11","","","DICL","375","","","","","","","","","","","","","","","","","","","","","Bend"
"","","","","","","","","","","PWG-TB-030","7862.684","PWG","THRUST BLOCK","Type 7","","","DICL","375","","","","","","","","","","","","","","","","","","","","","Bend"
"","","","","","","","","","","PWG-TB-031","7910.66","PWG","THRUST BLOCK","Type 7","","","DICL","375","","","","","","","","","","","","","","","","","","","","","Bend"
"","","","","","","","","","","PWG-TB-032","7957.939","PWG","THRUST BLOCK","Type 7","","","DICL","375","","","","","","","","","","","","","","","","","","","","","Bend"
"","","","","","","","","","","PWG-TB-033","7973.15","PWG","THRUST BLOCK","Type 7","","","DICL","375","","","","","","","","","","","","","","","","","","","","","Bend"
"","","","","","","","","","","PWG-TB-034","8109.465","PWG","THRUST BLOCK","Type 7","","","DICL","375","","","","","","","","","","","","","","","","","","","","","Bend"
"","","","","","","","","","","PWG-TB-035","8202.694","PWG","THRUST BLOCK","Type 7","","","DICL","375","","","","","","","","","","","","","","","","","","","","","Bend"
"","","","","","","","","","","PWG-TB-036","8245.381","PWG","THRUST BLOCK","Type 7","","","DICL","375","","","","","","","","","","","","","","","","","","","","","Bend"
"","","","","","","","","","","PWG-TB-037","8288.124","PWG","THRUST BLOCK","Type 6","","","DICL","375","","","","","","","","","","","","","","","","","","","","","Bend"
"","","","","","","","","","","PWG-TB-038","8465.757","PWG","THRUST BLOCK","Type 9","","","MSCL","450","","","","","","","","","","","","","","","","","","","","","Bend"
"","","","","","","","","","","PWG-TB-039","8481.865","PWG","THRUST BLOCK","Type 4","","","DICL","375","","","","","","","","","","","","","","","","","","","","","Bend"
"","","","","","","","","","","PWG-TB-040","8485.834","PWG","THRUST BLOCK","Type 6","","","DICL","375","","","","","","","","","","","","","","","","","","","","","Bend"
"","","","","","","","","","","PWG-TB-041","8545.354","PWG","THRUST BLOCK","Type 6","","","DICL","375","","","","","","","","","","","","","","","","","","","","","Bend"
"","","","","","","","","","","PWG-TB-042","8547.89","PWG","THRUST BLOCK","Type 6","","","DICL","375","","","","","","","","","","","","","","","","","","","","","Bend"
"","","","","","","","","","","PWG-TB-043","9455.661","PWG","THRUST BLOCK","Type 7","","","DICL","375","","","","","","","","","","","","","","","","","","","","","Bend"
"","","","","","","","","","","PWG-TB-044","10741.055","PWG","THRUST BLOCK","Type 7","","","DICL","375","","","","","","","","","","","","","","","","","","","","","Bend"
"","","","","","","","","","","PWG-TB-045","10780.713","PWG","THRUST BLOCK","Type 7","","","DICL","375","","","","","","","","","","","","","","","","","","","","","Bend"
"","","","","","","","","","","PWG-TB-046","11468.159","PWG","THRUST BLOCK","Type 7","","","DICL","375","","","","","","","","","","","","","","","","","","","","","Bend"
"","","","","","","","","","","PWG-TB-047","11759.158","PWG","THRUST BLOCK","Type 7","","","DICL","375","","","","","","","","","","","","","","","","","","","","","Bend"
"","","","","","","","","","","PWG-TB-048","11768.094","PWG","THRUST BLOCK","Type 7","","","DICL","375","","","","","","","","","","","","","","","","","","","","","Bend"
"","","","","","","","","","","PWG-TB-049","11773.094","PWG","THRUST BLOCK","Type 7","","","DICL","375","","","","","","","","","","","","","","","","","","","","","Bend"
"","","","","","","","","","","PWG-TB-050","11782.037","PWG","THRUST BLOCK","Type 7","","","DICL","375","","","","","","","","","","","","","","","","","","","","","Bend"
"","","","","","","","","","","PWG-TB-051","12099.939","PWG","THRUST BLOCK","Type 7","","","DICL","375","","","","","","","","","","","","","","","","","","","","","Bend"
"","","","","","","","","","","PWG-TB-052","12694.713","PWG","THRUST BLOCK","Type 5","","","DICL","375","","","","","","","","","","","","","","","","","","","","","Bend"
"","","","","","","","","","","PWG-TB-053","12747.863","PWG","THRUST BLOCK","Type 5","","","DICL","375","","","","","","","","","","","","","","","","","","","","","Bend"
"","","","","","","","","","","PWG-TB-054","12782.914","PWG","THRUST BLOCK","Type 7","","","DICL","375","","","","","","","","","","","","","","","","","","","","","Bend"
"","","","","","","","","","","PWG-TB-055","13394.686","PWG","THRUST BLOCK","Type 9","","","DICL","375","","","","","","","","","","","","","","","","","","","","","Bend"
"","","","","","","","","","","PWG-TB-056","13416.368","PWG","THRUST BLOCK","Type 7","","","DICL","375","","","","","","","","","","","","","","","","","","","","","Bend"
"","","","","","","","","","","PWG-TB-057","14076.214","PWG","THRUST BLOCK","Type 11","","","MSCL","450","","","","","","","","","","","","","","","","","","","","","Bend"
"","","","","","","","","","","PWG-TB-058","14139.442","PWG","THRUST BLOCK","Type 10","","","MSCL","450","","","","","","","","","","","","","","","","","","","","","Bend"
"","","","","","","","","","","PWG-TB-059","14178.758","PWG","THRUST BLOCK","Type 10","","","MSCL","450","","","","","","","","","","","","","","","","","","","","","Bend"
"","","","","","","","","","","PWG-TB-060","14883.12","PWG","THRUST BLOCK","Type 7","","","DICL","375","","","","","","","","","","","","","","","","","","","","","Bend"
"","","","","","","","","","","PWG-TB-061","16429.262","PWG","THRUST BLOCK","Type 7","","","DICL","375","","","","","","","","","","","","","","","","","","","","","Bend"
"","","","","","","","","","","PWG-TB-062","16975.581","PWG","THRUST BLOCK","Type 7","","","DICL","375","","","","","","","","","","","","","","","","","","","","","Bend"
"","","","","","","","","","","PWG-TB-063","16982.79","PWG","THRUST BLOCK","Type 7","","","DICL","375","","","","","","","","","","","","","","","","","","","","","Bend"
"","","","","","","","","","","PWG-TB-064","17433.278","PWG","THRUST BLOCK","Type 6","","","DICL","375","","","","","","","","","","","","","","","","","","","","","Bend"
"","","","","","","","","","","PWG-TB-065","17830.527","PWG","THRUST BLOCK","Type 7","","","DICL","375","","","","","","","","","","","","","","","","","","","","","Bend"
"","","","","","","","","","","PWG-TB-066","18027.533","PWG","THRUST BLOCK","Type 7","","","DICL","375","","","","","","","","","","","","","","","","","","","","","Bend"
"","","","","","","","","","","PWG-TB-067","18096.401","PWG","THRUST BLOCK","Type 7","","","DICL","375","","","","","","","","","","","","","","","","","","","","","Bend"
"","","","","","","","","","","PWG-TB-068","18147.994","PWG","THRUST BLOCK","Type 5","","","DICL","375","","","","","","","","","","","","","","","","","","","","","Bend"
"","","","","","","","","","","PWG-TB-069","18150.734","PWG","THRUST BLOCK","Type 5","","","DICL","375","","","","","","","","","","","","","","","","","","","","","Bend"
"","","","","","","","","","","PWG-TB-070","18181.794","PWG","THRUST BLOCK","Type 6","","","DICL","375","","","","","","","","","","","","","","","","","","","","","Bend"
"","","","","","","","","","","PWG-TB-071","18190.097","PWG","THRUST BLOCK","Type 6","","","DICL","375","","","","","","","","","","","","","","","","","","","","","Bend"
"","","","","","","","","","","PWG-TB-072","18785.871","PWG","THRUST BLOCK","Type 9","","","DICL","375","","","","","","","","","","","","","","","","","","","","","Bend"
"","","","","","","","","","","PWG-TB-073","20066.024","PWG","THRUST BLOCK","Type 7","","","DICL","375","","","","","","","","","","","","","","","","","","","","","Bend"
"","","","","","","","","","","PWG-TB-074","20282.529","PWG","THRUST BLOCK","Type 7","","","DICL","375","","","","","","","","","","","","","","","","","","","","","Bend"
"","","","","","","","","","","PWG-TB-075","20818.272","PWG","THRUST BLOCK","Type 6","","","DICL","375","","","","","","","","","","","","","","","","","","","","","Bend"
"","","","","","","","","","","PWG-TB-076","20947.014","PWG","THRUST BLOCK","Type 7","","","DICL","375","","","","","","","","","","","","","","","","","","","","","Bend"
"","","","","","","","","","","PWG-TB-077","21445.551","PWG","THRUST BLOCK","Type 7","","","DICL","375","","","","","","","","","","","","","","","","","","","","","Bend"
"","","","","","","","","","","PWG-TB-078","21581.657","PWG","THRUST BLOCK","Type 7","","","DICL","375","","","","","","","","","","","","","","","","","","","","","Bend"
"","","","","","","","","","","PWG-TB-079","21602.601","PWG","THRUST BLOCK","Type 7","","","DICL","375","","","","","","","","","","","","","","","","","","","","","Bend"
"","","","","","","","","","","PWG-TB-080","21631.157","PWG","THRUST BLOCK","Type 7","","","DICL","375","","","","","","","","","","","","","","","","","","","","","Bend"
"","","","","","","","","","","PWG-TB-081","22176.234","PWG","THRUST BLOCK","Type 7","","","DICL","375","","","","","","","","","","","","","","","","","","","","","Bend"
"","","","","","","","","","","PWG-TB-082","22504.051","PWG","THRUST BLOCK","Type 7","","","DICL","375","","","","","","","","","","","","","","","","","","","","","Bend"
"","","","","","","","","","","PWG-TB-083","22650.05","PWG","THRUST BLOCK","Type 7","","","DICL","375","","","","","","","","","","","","","","","","","","","","","Bend"
"","","","","","","","","","","PWG-TB-084","23112.75","PWG","THRUST BLOCK","Type 7","","","DICL","375","","","","","","","","","","","","","","","","","","","","","Bend"
"","","","","","","","","","","PWG-TB-085","23373.352","PWG","THRUST BLOCK","Type 7","","","DICL","375","","","","","","","","","","","","","","","","","","","","","Bend"
"","","","","","","","","","","PWG-TB-086","23414.166","PWG","THRUST BLOCK","Type 7","","","DICL","375","","","","","","","","","","","","","","","","","","","","","Bend"
"","","","","","","","","","","PWG-TB-087","23666.289","PWG","THRUST BLOCK","Type 7","","","DICL","375","","","","","","","","","","","","","","","","","","","","","Bend"
"","","","","","","","","","","PWG-TB-088","23999.457","PWG","THRUST BLOCK","Type 7","","","DICL","375","","","","","","","","","","","","","","","","","","","","","Bend"
"","","","","","","","","","","PWG-TB-089","24426.9","PWG","THRUST BLOCK","Type 5","","","DICL","375","","","","","","","","","","","","","","","","","","","","","Bend"
"","","","","","","","","","","PWG-TB-090","24713.951","PWG","THRUST BLOCK","Type 5","","","DICL","375","","","","","","","","","","","","","","","","","","","","","Bend"
"","","","","","","","","","","PWG-TB-091","24909.165","PWG","THRUST BLOCK","Type 7","","","DICL","375","","","","","","","","","","","","","","","","","","","","","Bend"
"","","","","","","","","","","PWG-TB-092","25129.481","PWG","THRUST BLOCK","Type 5","","","DICL","375","","","","","","","","","","","","","","","","","","","","","Bend"
"","","","","","","","","","","PWG-TB-093","25162.559","PWG","THRUST BLOCK","Type 4","","","DICL","375","","","","","","","","","","","","","","","","","","","","","Bend"
"","","","","","","","","","","PWG-TB-094","25169.588","PWG","THRUST BLOCK","Type 5","","","DICL","375","","","","","","","","","","","","","","","","","","","","","Bend"
"","","","","","","","","","","PWG-TB-095","25391.145","PWG","THRUST BLOCK","Type 7","","","DICL","375","","","","","","","","","","","","","","","","","","","","","Bend"
"","","","","","","","","","","PWG-TB-096","25800.795","PWG","THRUST BLOCK","Type 5","","","DICL","375","","","","","","","","","","","","","","","","","","","","","Bend"
"","","","","","","","","","","PWG-TB-097","25804.926","PWG","THRUST BLOCK","Type 5","","","DICL","375","","","","","","","","","","","","","","","","","","","","","Bend"
"","","","","","","","","","","PWG-TB-098","25817.226","PWG","THRUST BLOCK","Type 7","","","DICL","375","","","","","","","","","","","","","","","","","","","","","Bend"
"","","","","","","","","","","PWG-TB-099","26038.676","PWG","THRUST BLOCK","Type 7","","","DICL","375","","","","","","","","","","","","","","","","","","","","","Bend"
"","","","","","","","","","","PWG-TB-100","26195.427","PWG","THRUST BLOCK","Type 7","","","DICL","375","","","","","","","","","","","","","","","","","","","","","Bend"
"","","","","","","","","","","PWG-TB-101","26560.798","PWG","THRUST BLOCK","Type 7","","","DICL","375","","","","","","","","","","","","","","","","","","","","","Bend"
"","","","","","","","","","","PWG-TB-102","26662.937","PWG","THRUST BLOCK","Type 7","","","DICL","375","","","","","","","","","","","","","","","","","","","","","Bend"
"","","","","","","","","","","PWG-TB-103","230.031","PWG","THRUST BLOCK","Type 7","","","DICL","150","","","","","","","","","","","","","","","","","","","","","Tee"
"","","","","","","","","","","PWG-TB-104","702.553","PWG","THRUST BLOCK","Type 7","","","DICL","150","","","","","","","","","","","","","","","","","","","","","Tee"
"","","","","","","","","","","PWG-TB-105","7092.671","PWG","THRUST BLOCK","Type 7","","","DICL","150","","","","","","","","","","","","","","","","","","","","","Tee"
"","","","","","","","","","","PWG-TB-106","8908.151","PWG","THRUST BLOCK","Type 7","","","DICL","150","","","","","","","","","","","","","","","","","","","","","Tee"
"","","","","","","","","","","PWG-TB-107","9473.063","PWG","THRUST BLOCK","Type 7","","","DICL","150","","","","","","","","","","","","","","","","","","","","","Tee"
"","","","","","","","","","","PWG-TB-108","10553.492","PWG","THRUST BLOCK","Type 7","","","DICL","150","","","","","","","","","","","","","","","","","","","","","Tee"
"","","","","","","","","","","PWG-TB-109","12687.754","PWG","THRUST BLOCK","Type 7","","","DICL","150","","","","","","","","","","","","","","","","","","","","","Tee"
"","","","","","","","","","","PWG-TB-110","13188.911","PWG","THRUST BLOCK","Type 7","","","DICL","150","","","","","","","","","","","","","","","","","","","","","Tee"
"","","","","","","","","","","PWG-TB-111","14143.438","PWG","THRUST BLOCK","Type 6","","","DICL","150","","","","","","","","","","","","","","","","","","","","","Tee"
"","","","","","","","","","","PWG-TB-112","14224.068","PWG","THRUST BLOCK","Type 6","","","DICL","150","","","","","","","","","","","","","","","","","","","","","Tee"
"","","","","","","","","","","PWG-TB-113","15788.534","PWG","THRUST BLOCK","Type 7","","","DICL","150","","","","","","","","","","","","","","","","","","","","","Tee"
"","","","","","","","","","","PWG-TB-114","18149.44","PWG","THRUST BLOCK","Type 7","","","DICL","150","","","","","","","","","","","","","","","","","","","","","Tee"
"","","","","","","","","","","PWG-TB-115","18772.846","PWG","THRUST BLOCK","Type 7","","","DICL","150","","","","","","","","","","","","","","","","","","","","","Tee"
"","","","","","","","","","","PWG-TB-116","19641.881","PWG","THRUST BLOCK","Type 7","","","DICL","150","","","","","","","","","","","","","","","","","","","","","Tee"
"","","","","","","","","","","PWG-TB-117","20287.711","PWG","THRUST BLOCK","Type 7","","","DICL","150","","","","","","","","","","","","","","","","","","","","","Tee"
"","","","","","","","","","","PWG-TB-118","21452.237","PWG","THRUST BLOCK","Type 7","","","DICL","150","","","","","","","","","","","","","","","","","","","","","Tee"
"","","","","","","","","","","PWG-TB-119","22316.144","PWG","THRUST BLOCK","Type 7","","","DICL","150","","","","","","","","","","","","","","","","","","","","","Tee"
"","","","","","","","","","","PWG-TB-120","22680.903","PWG","THRUST BLOCK","Type 7","","","DICL","150","","","","","","","","","","","","","","","","","","","","","Tee"
"","","","","","","","","","","PWG-TB-121","23376.417","PWG","THRUST BLOCK","Type 7","","","DICL","150","","","","","","","","","","","","","","","","","","","","","Tee"
"","","","","","","","","","","PWG-TB-122","24206.919","PWG","THRUST BLOCK","Type 7","","","DICL","150","","","","","","","","","","","","","","","","","","","","","Tee"
"","","","","","","","","","","PWG-TB-123","25018.345","PWG","THRUST BLOCK","Type 7","","","DICL","150","","","","","","","","","","","","","","","","","","","","","Tee"
"","","","","","","","","","","PWG-TB-124","25792.787","PWG","THRUST BLOCK","Type 7","","","DICL","150","","","","","","","","","","","","","","","","","","","","","Tee"
"","","","","","","","","","","PWG-TB-125","26041.176","PWG","THRUST BLOCK","Type 7","","","DICL","150","","","","","","","","","","","","","","","","","","","","","Tee"
"","","","","","","","","","","PWG-TB-126","4040.672","PWG","THRUST BLOCK","Type 12","","","","375","","","","","","","","","","","","","","","","","","","","","Isolation Valve"
"","","","","","","","","","","PWG-TB-127","7536.828","PWG","THRUST BLOCK","Type 13","","","","375","","","","","","","","","","","","","","","","","","","","","Isolation Valve"
"","","","","","","","","","","PWG-TB-128","8475.323","PWG","THRUST BLOCK","Type 13","","","","375","","","","","","","","","","","","","","","","","","","","","Isolation Valve"
"","","","","","","","","","","PWG-TB-129","8562.951","PWG","THRUST BLOCK","Type 13","","","","375","","","","","","","","","","","","","","","","","","","","","Isolation Valve"
"","","","","","","","","","","PWG-TB-130","13366.211","PWG","THRUST BLOCK","Type 13","","","","375","","","","","","","","","","","","","","","","","","","","","Isolation Valve"
"","","","","","","","","","","PWG-TB-131","22075.201","PWG","THRUST BLOCK","Type 13","","","","375","","","","","","","","","","","","","","","","","","","","","Isolation Valve"
"","","","","","","","","","","PWG-TB-132","99.181","PWG","THRUST BLOCK","2 x Type 13","","","","375","","","","","","","","","","","","","","","","","","","","","Pigging Station"
"","","","","","","","","","","PWG-TB-133","7595.718","PWG","THRUST BLOCK","2 x Type 13","","","","375","","","","","","","","","","","","","","","","","","","","","Pigging Station"
"","","","","","","","","","","PWG-TB-134","17865.623","PWG","THRUST BLOCK","2 x Type 13","","","","375","","","","","","","","","","","","","","","","","","","","","Pigging Station"
"","","","","","","","","","","PHW-TB-077","1261.832","PHW","THRUST BLOCK","Type 7","","","DICL","150","","","","","","","","","","","","","","","","","","","","","Tee"
"","","","","","","","","","","PHW-TB-078","1727.817","PHW","THRUST BLOCK","Type 6","","","DICL","150","","","","","","","","","","","","","","","","","","","","","Tee"
"","","","","","","","","","","PHW-TB-079","2746.277","PHW","THRUST BLOCK","Type 7","","","DICL","150","","","","","","","","","","","","","","","","","","","","","Tee"
"","","","","","","","","","","PHW-TB-080","3558.423","PHW","THRUST BLOCK","Type 7","","","DICL","150","","","","","","","","","","","","","","","","","","","","","Tee"
"","","","","","","","","","","PHW-TB-081","4470","PHW","THRUST BLOCK","Type 7","","","DICL","150","","","","","","","","","","","","","","","","","","","","","Tee"
"","","","","","","","","","","PHW-TB-082","4661.417","PHW","THRUST BLOCK","Type 7","","","DICL","150","","","","","","","","","","","","","","","","","","","","","Tee"
"","","","","","","","","","","PHW-TB-083","4961.176","PHW","THRUST BLOCK","Type 7","","","DICL","150","","","","","","","","","","","","","","","","","","","","","Tee"
"","","","","","","","","","","PHW-TB-084","6796.976","PHW","THRUST BLOCK","Type 7","","","DICL","150","","","","","","","","","","","","","","","","","","","","","Tee"
"","","","","","","","","","","PHW-TB-085","8197.671","PHW","THRUST BLOCK","Type 7","","","DICL","150","","","","","","","","","","","","","","","","","","","","","Tee"
"","","","","","","","","","","PHW-TB-086","10103.635","PHW","THRUST BLOCK","Type 7","","","DICL","150","","","","","","","","","","","","","","","","","","","","","Tee"
"","","","","","","","","","","PHW-TB-087","11396.642","PHW","THRUST BLOCK","Type 7","","","DICL","150","","","","","","","","","","","","","","","","","","","","","Tee"
"","","","","","","","","","","PHW-TB-088","11596.46","PHW","THRUST BLOCK","Type 7","","","DICL","150","","","","","","","","","","","","","","","","","","","","","Tee"
"","","","","","","","","","","PHW-TB-089","13125.991","PHW","THRUST BLOCK","Type 7","","","DICL","150","","","","","","","","","","","","","","","","","","","","","Tee"
"","","","","","","","","","","PHW-TB-090","15248.457","PHW","THRUST BLOCK","Type 7","","","DICL","150","","","","","","","","","","","","","","","","","","","","","Tee"
"","","","","","","","","","","PHW-TB-091","17038.094","PHW","THRUST BLOCK","Type 6","","","DICL","150","","","","","","","","","","","","","","","","","","","","","Tee"
"","","","","","","","","","","PHW-TB-092","17984.612","PHW","THRUST BLOCK","Type 6","","","DICL","150","","","","","","","","","","","","","","","","","","","","","Tee"
"","","","","","","","","","","PHW-TB-093","842.62","PHW","THRUST BLOCK","Type 12","","","","600","","","","","","","","","","","","","","","","","","","","","Isolation Valve"
"","","","","","","","","","","PHW-TB-094","2019.495","PHW","THRUST BLOCK","Type 12","","","","600","","","","","","","","","","","","","","","","","","","","","Isolation Valve"
"","","","","","","","","","","PHW-TB-095","2140.173","PHW","THRUST BLOCK","Type 12","","","","600","","","","","","","","","","","","","","","","","","","","","Isolation Valve"
"","","","","","","","","","","PHW-TB-096","7335.153","PHW","THRUST BLOCK","Type 12","","","","600","","","","","","","","","","","","","","","","","","","","","Isolation Valve"
"","","","","","","","","","","PHW-TB-097","14323.567","PHW","THRUST BLOCK","Type 12","","","","600","","","","","","","","","","","","","","","","","","","","","Isolation Valve"
"","","","","","","","","","","PHW-TB-098","19120.153","PHW","THRUST BLOCK","Type 14","","","","600","","","","","","","","","","","","","","","","","","","","","In-Line"
"","","","","","","","","","","PHW-TB-099","19155.385","PHW","THRUST BLOCK","Type 14","","","","600","","","","","","","","","","","","","","","","","","","","","In-Line"
"","","","","","","","","","","PHW-TB-100","9801.143","PHW","THRUST BLOCK","2 x Type 12","","","","600","","","","","","","","","","","","","","","","","","","","","Pigging Station"
"","","","","","","","","","","PHW-TB-101","19097.802","PHW","THRUST BLOCK","2 x Type 12","","","","600","","","","","","","","","","","","","","","","","","","","","Pigging Station"
