"Asset Id","Pipeline Section","KP","Utility Description","Utility Type","Operator","Size (mm)","Info Source","Drawing","Drawing (superseded)","Included in Current Plan","Comments","Source Row"
"PHW-FN-0001","PHW","15","FENCE LINE NO POSTS ","FENCE","","","","D-DWG-PHW-001.2","D-DWG-PHW-001_C","Yes","","2"
"PHW-CM-0001","PHW","38","BYDA TELSTRA COMMSTUD","COMMUNICATIONS","Telstra","","BYDA","D-DWG-PHW-001.2","D-DWG-PHW-001_C","Yes","","3"
"PHW-CM-0002","PHW","44","BYDA TELSTRA COMMSTUD","COMMUNICATIONS","Telstra","","BYDA","D-DWG-PHW-001.2","D-DWG-PHW-001_C","Yes","","4"
"PHW-CM-0003","PHW","361","BYDA TELSTRA COMMSTUD","COMMUNICATIONS","Telstra","","BYDA","D-DWG-PHW-001.2","D-DWG-PHW-001_C","Yes","","5"
"PHW-EL-0001","PHW","364","PUP ELECTRICITY","ELECTRICITY","","","PUP","D-DWG-PHW-001.2","","Yes","","6"
"PHW-FN-0002","PHW","671","FENCE LINE NO POSTS ","FENCE","","","","D-DWG-PHW-001.2","D-DWG-PHW-001_C","Yes","","7"
"PHW-DR-0001","PHW","1105","PUP DRAINAGE DN375","DRAINAGE","","375","PUP","D-DWG-PHW-002.2","","Yes","","8"
"PHW-SW-0001","PHW","1242","BYDA TRC SEWER","SEWER","Toowoomba Regional Council","","BYDA","D-DWG-PHW-002.2","D-DWG-PHW-002_C","Yes","DEPTH OF DUAL SEWER MAINS
NOT KNOWN AT EXACT CROSSING
LOCATION. CONTRACTOR TO
CONFIRM PRIOR TO D&C DESIGN.","9"
"PHW-SW-0002","PHW","1243","PUP SEWER DN375","SEWER","","375","PUP","D-DWG-PHW-002.2","","Yes","DEPTH OF DUAL SEWER MAINS
NOT KNOWN AT EXACT CROSSING
LOCATION. CONTRACTOR TO
CONFIRM PRIOR TO D&C DESIGN.","10"
"PHW-EL-0002","PHW","1459","PUP ELECTRICITY","ELECTRICITY","","","PUP","D-DWG-PHW-003.2","D-DWG-PHW-003_C","Yes","","11"
"PHW-FN-0003","PHW","1462","FENCE LINE NO POSTS ","FENCE","","","","D-DWG-PHW-003.2","D-DWG-PHW-003_C","Yes","","12"
"PHW-FN-0004","PHW","1534","FENCE LINE NO POSTS ","FENCE","","","","D-DWG-PHW-003.2","D-DWG-PHW-003_C","Yes","","13"
"PHW-FN-0005","PHW","1736","FENCE LINE NO POSTS ","FENCE","","","","D-DWG-PHW-003.2","D-DWG-PHW-003_C","Yes","","14"
"PHW-FN-0006","PHW","1820","FENCE CHAINWIRE","FENCE","","","","D-DWG-PHW-003.2","D-DWG-PHW-003_C","Yes","","15"
"PHW-FN-0007","PHW","1868","FENCE LINE NO POSTS ","FENCE","","","","D-DWG-PHW-003.2","D-DWG-PHW-003_C","Yes","","16"
"PHW-FN-0008","PHW","1897","FENCE LINE NO POSTS ","FENCE","","","","D-DWG-PHW-003.2","D-DWG-PHW-003_C","Yes","","17"
"PHW-FN-0009","PHW","1915","FENCE LINE NO POSTS ","FENCE","","","","D-DWG-PHW-003.2","D-DWG-PHW-003_C","Yes","Not Included in Rev 2","18"
"PHW-FN-0010","PHW","2062","FENCE CHAINWIRE","FENCE","","","","D-DWG-PHW-003.2","D-DWG-PHW-003_C","Yes","","19"
"PHW-FN-0011","PHW","2062","FENCE LINE NO POSTS ","FENCE","","","","D-DWG-PHW-003.2","D-DWG-PHW-003_C","Yes","","20"
"PHW-CM-0004","PHW","2093","BYDA TELSTRA COMMSTUD","COMMUNICATIONS","Telstra","","BYDA","D-DWG-PHW-003.2","D-DWG-PHW-003_C","Yes","","21"
"PHW-RW-0001","PHW","2104","BYDA RECYCLED WATER","WATER - RECYCLED","","","BYDA","D-DWG-PHW-004.2","","Yes","","22"
"PHW-CM-0005","PHW","2108","BYDA TELSTRA COMMSTUD","COMMUNICATIONS","Telstra","","BYDA","D-DWG-PHW-004.2","D-DWG-PHW-004_C","Yes","","23"
"PHW-FN-0012","PHW","2123","FENCE CHAINWIRE","FENCE","","","","D-DWG-PHW-004.2","","Yes","","24"
"PHW-WA-0001","PHW","2340","BYDA WATER","WATER","","","BYDA","D-DWG-PHW-004.2","","Yes","","25"
"PHW-CM-0006","PHW","2506","BYDA COMMS DN35","COMMUNICATIONS","","35","BYDA","D-DWG-PHW-004.2","","Yes","","26"
"PHW-WA-0002","PHW","2507","BYDA WATER","WATER","","","BYDA","D-DWG-PHW-004.2","D-DWG-PHW-004_C","Yes","","27"
"PHW-CM-0007","PHW","2560","BYDA TELSTRA COMMSTUD","COMMUNICATIONS","Telstra","","BYDA","D-DWG-PHW-004.2","","Yes","","28"
"PHW-WA-0003","PHW","2793","BYDA WATER ","WATER","","","BYDA","D-DWG-PHW-004.2","","Yes","","29"
"PHW-WA-0004","PHW","2793","BYDA WATER ","WATER","","","BYDA","D-DWG-PHW-004.2","","Yes","","30"
"PHW-FN-0013","PHW","2796","FENCE CHAINWIRE","FENCE","","","","D-DWG-PHW-004.2","","Yes","","31"
"PHW-WA-0005","PHW","2810","BYDA WATER","WATER","","","BYDA","D-DWG-PHW-005.2","","Yes","","32"
"PHW-WA-0006","PHW","2813","BYDA WATER DN450","WATER","","450","BYDA","D-DWG-PHW-005.2","","Yes","","33"
"PHW-CM-0008","PHW","2813","BYDA COMMS DN15","COMMUNICATIONS","","15","BYDA","D-DWG-PHW-005.2","","Yes","","34"
"PHW-FN-0014","PHW","2923","FENCE CHAINWIRE","FENCE","","","","D-DWG-PHW-005.2","D-DWG-PHW-005_C","Yes","","35"
"PHW-FN-0015","PHW","2923","FENCE LINE NO POSTS ","FENCE","","","","D-DWG-PHW-005.2","D-DWG-PHW-005_C","Yes","","36"
"PHW-EL-0004","PHW","3000","PUP ELECTRICITY","ELECTRICITY","Ergon Energy","","PUP","D-DWG-PHW-005.2","","Yes","POWER POLE TO BE RELOCATED BY
OTHERS (ERGON) PRIOR TO CONSTRUCTION","37"
"PHW-EL-0005","PHW","3350","PUP ELECTRICITY","ELECTRICITY","Ergon Energy","","PUP","D-DWG-PHW-005.2","","Yes","POWER POLE TO BE RELOCATED BY
OTHERS (ERGON) PRIOR TO CONSTRUCTION","38"
"PHW-WA-0007","PHW","3537","BYDA WATER DN450","WATER","","450","BYDA","D-DWG-PHW-005.2","","Yes","","39"
"PHW-WA-0009","PHW","3544","BYDA WATER DN450","WATER","","450","BYDA","D-DWG-PHW-005.2","","Yes","","40"
"PHW-CM-0009","PHW","3545","BYDA COMMS DN15","COMMUNICATIONS","","15","BYDA","D-DWG-PHW-005.2","","Yes","","41"
"PHW-WA-0008","PHW","3538","BYDA WATER DN450","WATER","","450","BYDA","D-DWG-PHW-006.2","","Yes","","42"
"PHW-WA-0010","PHW","3545","BYDA WATER DN450","WATER","","450","BYDA","D-DWG-PHW-006.2","","Yes","","43"
"PHW-CM-0010","PHW","3546","BYDA COMMS DN15","COMMUNICATIONS","","15","BYDA","D-DWG-PHW-006.2","","Yes","","44"
"PHW-EL-0006","PHW","3559","PUP ELECTRICITY","ELECTRICITY","","","PUP","D-DWG-PHW-006.2","","Yes","","45"
"PHW-EL-0007","PHW","3560","PUP ELECTRICITY","ELECTRICITY","","","PUP","D-DWG-PHW-006.2","","Yes","","46"
"PHW-CM-0011","PHW","3762","BYDA TELSTRA COMMSTUD","COMMUNICATIONS","Telstra","","BYDA","D-DWG-PHW-006.2","D-DWG-PHW-006_C","Yes","","47"
"PHW-EL-0008","PHW","3762","BYDA ELECTRICITY LV","ELECTRICITY","","","BYDA","D-DWG-PHW-006.2","D-DWG-PHW-006_C","Yes","","48"
"PHW-CM-0012","PHW","3845","BYDA COMMS DN15","COMMUNICATIONS","","15","BYDA","D-DWG-PHW-006.2","","Yes","","49"
"PHW-WA-0011","PHW","3847","BYDA WATER DN450","WATER","","450","BYDA","D-DWG-PHW-006.2","","Yes","","50"
"PHW-WA-0012","PHW","3855","BYDA WATER DN450","WATER","","450","BYDA","D-DWG-PHW-006.2","","Yes","","51"
"PHW-EL-0009","PHW","4102","PUP ELECTRICITY","ELECTRICITY","","","PUP","D-DWG-PHW-006.2","","Yes","","52"
"PHW-WA-0013","PHW","4119","BYDA WATER","WATER","","","BYDA","D-DWG-PHW-006.2","","Yes","","53"
"PHW-CM-0013","PHW","4178","BYDA TELSTRA COMMS DN35","COMMUNICATIONS","Telstra","35","BYDA","D-DWG-PHW-006.2","","Yes","","54"
"PHW-EL-0010","PHW","4178","PUP ELECTRICITY","ELECTRICITY","","","PUP","D-DWG-PHW-006.2","","Yes","","55"
"PHW-EL-0011","PHW","4317","PUP ELECTRICITY","ELECTRICITY","","","PUP","D-DWG-PHW-007.2","","Yes","","56"
"PHW-WA-0014","PHW","4417","BYDA WATER DN450","WATER","","450","BYDA","D-DWG-PHW-007.2","","Yes","","57"
"PHW-CM-0014","PHW","4417","BYDA COMMS DN15 ","COMMUNICATIONS","","15","BYDA","D-DWG-PHW-007.2","","Yes","","58"
"PHW-CM-0015","PHW","4435","BYDA TELSTRA COMMS DN20","COMMUNICATIONS","Telstra","20","BYDA","D-DWG-PHW-007.2","","Yes","","59"
"PHW-CM-0016","PHW","4437","BYDA TELSTRA COMMSTUD","COMMUNICATIONS","Telstra","","BYDA","D-DWG-PHW-007.2","D-DWG-PHW-007_C","Yes","","60"
"PHW-SW-0003","PHW","4448","BYDA TRC SEWER","SEWER","Toowoomba Regional Council","","BYDA","D-DWG-PHW-007.2","D-DWG-PHW-007_C","Yes","","61"
"PHW-CM-0017","PHW","5494","BYDA TELSTRA COMMS","COMMUNICATIONS","Telstra","","BYDA","D-DWG-PHW-008.2","","Yes","","62"
"PHW-CM-0018","PHW","5494","BYDA TELSTRA COMMS","COMMUNICATIONS","Telstra","","BYDA","D-DWG-PHW-008.2","","Yes","","63"
"PHW-GA-0001","PHW","6125","BYDA GAS DN400","GAS","APA Group","400","BYDA","D-DWG-PHW-009.2","","Yes","LOCATION/DEPTH OF DUAL APA GAS
MAINS NOT KNOWN. CONTRACTOR TO
CONFIRM PRIOR TO CONSTRUCTION.","64"
"PHW-GA-0002","PHW","6141","BYDA GAS DN400","GAS","","400","BYDA","D-DWG-PHW-009.2","","Yes","","65"
"PHW-GA-0003","PHW","6194","BYDA GAS DN400","GAS","","400","BYDA","D-DWG-PHW-009.2","","Yes","","66"
"PHW-EL-0012","PHW","6237","PUP ELECTRICITY","ELECTRICITY","","","PUP","D-DWG-PHW-009.2","D-DWG-PHW-009_C","Yes","","67"
"PHW-FN-0016","PHW","6486","FENCE LINE NO POST - WIRE ONLY","FENCE","","","","D-DWG-PHW-010.2","","Yes","","68"
"PHW-GA-0004","PHW","6488","PUP GAS DN250","GAS","APA Group","250","PUP","D-DWG-PHW-010.2","","Yes","LOCATION/DEPTH OF DUAL APA GAS
MAINS NOT KNOWN. CONTRACTOR TO
CONFIRM PRIOR TO CONSTRUCTION.","69"
"PHW-GA-0005","PHW","6494","PUP GAS DN400","GAS","APA Group","400","PUP","D-DWG-PHW-010.2","","Yes","LOCATION/DEPTH OF DUAL APA GAS
MAINS NOT KNOWN. CONTRACTOR TO
CONFIRM PRIOR TO CONSTRUCTION.","70"
"PHW-FN-0017","PHW","6993","FENCE LINE NO POSTS ","FENCE","","","","D-DWG-PHW-010.2","","Yes","","71"
"PHW-FN-0018","PHW","6993","FENCE LINE NO POSTS ","FENCE","","","","D-DWG-PHW-010.2","","Yes","","72"
"PHW-CM-0019","PHW","6995","BYDA TELSTRA COMMSTUD","COMMUNICATIONS","Telstra","","BYDA","D-DWG-PHW-010.2","","Yes","","73"
"PHW-CM-0020","PHW","6996","BYDA TELSTRA COMMSTUD","COMMUNICATIONS","Telstra","","BYDA","D-DWG-PHW-010.2","","Yes","","74"
"PHW-CM-0021","PHW","6996","BYDA TELSTRA COMMSTUD","COMMUNICATIONS","Telstra","","BYDA","D-DWG-PHW-010.2","","Yes","","75"
"PHW-CM-0022","PHW","6997","BYDA TELSTRA COMMSTUD","COMMUNICATIONS","Telstra","","BYDA","D-DWG-PHW-010.2","","Yes","","76"
"PHW-CM-0023","PHW","6998","BYDA NEXTGEN","COMMUNICATIONS","Nextgen","","BYDA","D-DWG-PHW-010.2","","Yes","","77"
"PHW-CM-0024","PHW","7021","BYDA NBN COMMS","COMMUNICATIONS","NBN Co","","BYDA","D-DWG-PHW-011.2","D-DWG-PHW-011_C","Yes","","78"
"PHW-CM-0025","PHW","7021","BYDA NBN COMMS","COMMUNICATIONS","NBN Co","","BYDA","D-DWG-PHW-011.2","D-DWG-PHW-011_C","Yes","","79"
"PHW-WA-0015","PHW","7030","BYDA TRC WATER","WATER","Toowoomba Regional Council","","BYDA","D-DWG-PHW-011.2","D-DWG-PHW-011_C","Yes","","80"
"PHW-EL-0013","PHW","7032","PUP ELECTRICITY","ELECTRICITY","","","PUP","D-DWG-PHW-011.2","D-DWG-PHW-011_C","Yes","","81"
"PHW-CM-0026","PHW","7033","BYDA TELSTRA COMMS","COMMUNICATIONS","Telstra","","BYDA","D-DWG-PHW-011.2","","Yes","","82"
"PHW-EL-0014","PHW","7481","PUP ELECTRICITY","ELECTRICITY","","","PUP","D-DWG-PHW-011.2","","Yes","","83"
"PHW-CM-0027","PHW","7860","BYDA TELSTRA COMMS DN50","COMMUNICATIONS","Telstra","50","BYDA","D-DWG-PHW-012.2","","Yes","","84"
"PHW-EL-0015","PHW","7867","PUP ELECTRICITY","ELECTRICITY","","","PUP","D-DWG-PHW-012.2","","Yes","","85"
"PHW-WA-0016","PHW","7882","BYDA TRC WATER DN 375","WATER","Toowoomba Regional Council","375","BYDA","D-DWG-PHW-012.2","","Yes","LOCATION/DEPTH OF WATER SERVICE NOT KNOWN. CONTRACTOR TO CONFIRM PRIOR TO CONSTRUCTION","86"
"PHW-CM-0028","PHW","7903","BYDA TELSTRA COMMS ","COMMUNICATIONS","Telstra","","BYDA","D-DWG-PHW-012.2","","Yes","","87"
"PHW-CM-0029","PHW","9476","BYDA COMMS DN50","COMMUNICATIONS","","50","BYDA","D-DWG-PHW-014.2","","Yes","","88"
"PHW-CM-0030","PHW","9698","BYDA COMMS DN50","COMMUNICATIONS","","50","BYDA","D-DWG-PHW-014.2","","Yes","","89"
"","PHW","10595","EUD LEVEL","SURVEY LEVEL","","","","D-DWG-PHW-016.2","","Yes","UNKOWN ASSET ","90"
"","PHW","10597","DG LEVEL","SURVEY LEVEL","","","","D-DWG-PHW-016.2","","Yes","UNKOWN ASSET ","91"
"","PHW","10598","DG LEVEL","SURVEY LEVEL","","","","D-DWG-PHW-016.2","","Yes","UNKOWN ASSET ","92"
"","PHW","10599","DG LEVEL","SURVEY LEVEL","","","","D-DWG-PHW-016.2","","Yes","UNKOWN ASSET ","93"
"","PHW","10609","EUD LEVEL","SURVEY LEVEL","","","","D-DWG-PHW-016.2","","Yes","UNKOWN ASSET ","94"
"","PHW","10610","DG LEVEL","SURVEY LEVEL","","","","D-DWG-PHW-016.2","","Yes","UNKOWN ASSET ","95"
"","PHW","10632","EUD LEVEL","SURVEY LEVEL","","","","D-DWG-PHW-016.2","","Yes","UNKOWN ASSET ","96"
"PHW-CM-0031","PHW","10642","BYDA TELSTRA COMMS DN100","COMMUNICATIONS","Telstra","100","BYDA","D-DWG-PHW-016.2","","Yes","","97"
"PHW-EL-0016","PHW","10676","PUP ELECTRICITY","ELECTRICITY","","","PUP","D-DWG-PHW-016.2","D-DWG-PHW-016_C","Yes","","98"
"PHW-EL-0017","PHW","10691","PUP ELECTRICITY","ELECTRICITY","","","PUP","D-DWG-PHW-016.2","D-DWG-PHW-016_C","Yes","","99"
"PHW-CM-0032","PHW","10692","BYDA TELSTRA COMS ","COMMUNICATIONS","Telstra","","BYDA","D-DWG-PHW-016.2","","Yes","","100"
"PHW-CM-0033","PHW","10775","BYDA TELSTRA COMS DN50","COMMUNICATIONS","Telstra","50","BYDA","D-DWG-PHW-016.2","","Yes","","101"
"PHW-EL-0018","PHW","10793","PUP ELECTRICITY","ELECTRICITY","","","PUP","D-DWG-PHW-016.2","","Yes","","102"
"PHW-CM-0034","PHW","11188","BYDA TELSTRA COMMS ","COMMUNICATIONS","Telstra","","BYDA","D-DWG-PHW-016.2","","Yes","","103"
"PHW-EL-0019","PHW","11379","PUP ELECTRICITY","ELECTRICITY","","","PUP","D-DWG-PHW-017.2","","Yes","","104"
"PHW-FN-0019","PHW","11735","FENCE LINE NO POST  - WIRES ONLY ","FENCE","","","","D-DWG-PHW-017.2","","Yes","","105"
"PHW-CM-0035","PHW","12452","BYDA TELSTRA COMMS DN100","COMMUNICATIONS","Telstra","100","BYDA","D-DWG-PHW-018.2","","Yes","","106"
"PHW-EL-0020","PHW","12470","PUP ELECTRICITY","ELECTRICITY","","","PUP","D-DWG-PHW-018.2","","Yes","","107"
"PHW-EL-0021","PHW","12470","PUP ELECTRICITY","ELECTRICITY","","","PUP","D-DWG-PHW-018.2","","Yes","","108"
"PHW-CM-0036","PHW","12470","BYDA COMMS DN100","COMMUNICATIONS","","100","BYDA","D-DWG-PHW-018.2","","Yes","","109"
"PHW-EL-0022","PHW","12507","PUP ELECTRICITY","ELECTRICITY","","","PUP","D-DWG-PHW-018.2","","Yes","","110"
"PHW-CM-0037","PHW","12528","BYDA TELSTRA COMMS DN100","COMMUNICATIONS","Telstra","100","BYDA","D-DWG-PHW-018.2","","Yes","","111"
"PHW-EL-0023","PHW","12915","PUP ELECTRICITY","ELECTRICITY","","","PUP","D-DWG-PHW-019.2","","Yes","","112"
"PHW-CM-0038","PHW","12969","BYDA TELSTRA COMMS","COMMUNICATIONS","Telstra","","BYDA","D-DWG-PHW-019.2","","Yes","","113"
"PHW-EL-0024","PHW","13024","PUP ELECTRICITY","ELECTRICITY","","","PUP","D-DWG-PHW-019.2","","Yes","","114"
"PHW-WA-0017","PHW","13236","BYDA TRC WATER DN300","WATER","Toowoomba Regional Council","300","BYDA","D-DWG-PHW-019.2","","Yes","LOCATION/DEPTH OF WATER SERVICE NOT KNOWN.CONTRACTOR TO CONFIRM PRIOR TO CONSTRUCTION","115"
"PHW-EL-0025","PHW","13243","PUP ELECTRICITY","ELECTRICITY","","","PUP","D-DWG-PHW-019.2","","Yes","","116"
"PHW-CM-0039","PHW","13275","PUP COMMS DN100","COMMUNICATIONS","","100","PUP","D-DWG-PHW-019.2","","Yes","","117"
"PHW-CM-0040","PHW","13278","PUP COMMS DN100","COMMUNICATIONS","","100","PUP","D-DWG-PHW-019.2","","Yes","","118"
"PHW-CM-0041","PHW","13278","PUP COMMS DN100","COMMUNICATIONS","","100","PUP","D-DWG-PHW-019.2","","Yes","","119"
"PHW-CM-0042","PHW","13278","BYDA NBN COMMS DN100","COMMUNICATIONS","NBN Co","100","BYDA","D-DWG-PHW-019.2","","Yes","","120"
"PHW-EL-0026","PHW","13287","PUP ELECTRICITY","ELECTRICITY","","","PUP","D-DWG-PHW-019.2","","Yes","","121"
"PHW-CM-0043","PHW","13323","BYDA TELSTRA COMMS DN100","COMMUNICATIONS","Telstra","100","BYDA","D-DWG-PHW-020.2","","Yes","","122"
"PHW-EL-0027","PHW","13395","PUP ELECTRICITY","ELECTRICITY","","","PUP","D-DWG-PHW-020.2","","Yes","","123"
"PHW-EL-0028","PHW","13556","PUP ELECTRICITY","ELECTRICITY","","","PUP","D-DWG-PHW-020.2","","Yes","","124"
"PHW-EL-0029","PHW","13606","PUP ELECTRICITY","ELECTRICITY","","","PUP","D-DWG-PHW-020.2","","Yes","","125"
"PHW-EL-0030","PHW","13613","PUP ELECTRICITY","ELECTRICITY","","","PUP","D-DWG-PHW-020.2","","Yes","","126"
"PHW-EL-0031","PHW","13628","PUP ELECTRICITY","ELECTRICITY","","","PUP","D-DWG-PHW-020.2","","Yes","","127"
"PHW-WA-0018","PHW","13644","BYDA TRC WATER DN375","WATER","Toowoomba Regional Council","375","BYDA","D-DWG-PHW-020.2","","Yes","LOCATION/DEPTH OF WATER SERVICE NOT KNOWN.CONTRACTOR TO CONFIRM PRIOR TO CONSTRUCTION","128"
"PHW-CM-0044","PHW","13650","BYDA TELSTA COMMS DN100","COMMUNICATIONS","Telstra","100","BYDA","D-DWG-PHW-020.2","","Yes","","129"
"PHW-EL-0032","PHW","13950","PUP ELECTRICITY","ELECTRICITY","","","PUP","D-DWG-PHW-020.2","","Yes","","130"
"PHW-CM-0045","PHW","14114","BYDA NBN COMMS DN100","COMMUNICATIONS","NBN Co","100","BYDA","D-DWG-PHW-021.2","","Yes","","131"
"PHW-CM-0046","PHW","14116","BYDA TELSTRA COMMS DN35 ","COMMUNICATIONS","Telstra","35","BYDA","D-DWG-PHW-021.2","","Yes","","132"
"PHW-EL-0033","PHW","14192","PUP ELECTRICITY","ELECTRICITY","","","PUP","D-DWG-PHW-021.2","","Yes","","133"
"PHW-EL-0034","PHW","14335","PUP ELECTRICITY","ELECTRICITY","","","PUP","D-DWG-PHW-021.2","","Yes","","134"
"PHW-CM-0047","PHW","14630","BYDA TELSTRA COMMS DN35","COMMUNICATIONS","Telstra","35","BYDA","D-DWG-PHW-021.2","","Yes","","135"
"PHW-SW-0004","PHW","14803","BYDA TRC SEWER","SEWER","Toowoomba Regional Council","","BYDA","D-DWG-PHW-022.2","D-DWG-PHW-022_C","Yes","","136"
"PHW-EL-0035","PHW","14830","PUP ELECTRICITY","ELECTRICITY","","","PUP","D-DWG-PHW-022.2","","Yes","","137"
"PHW-CM-0048","PHW","14832","PUP COMMS DN100","COMMUNICATIONS","","100","PUP","D-DWG-PHW-022.2","","Yes","","138"
"PHW-EL-0036","PHW","14925","PUP ELECTRICITY","ELECTRICITY","","","PUP","D-DWG-PHW-022.2","","Yes","","139"
"PHW-EL-0037","PHW","15049","PUP ELECTRICITY","ELECTRICITY","","","PUP","D-DWG-PHW-022.2","","Yes","","140"
"PHW-EL-0038","PHW","15052","PUP ELECTRICITY","ELECTRICITY","","","PUP","D-DWG-PHW-022.2","","Yes","","141"
"PHW-CM-0049","PHW","15054","BYDA TELSTRA COMMS DN50 ","COMMUNICATIONS","Telstra","50","BYDA","D-DWG-PHW-022.2","","Yes","","142"
"PHW-CM-0050","PHW","15758","BYDA TELSTRA COMMS DN50","COMMUNICATIONS","Telstra","50","BYDA","D-DWG-PHW-023.2","","Yes","","143"
"PHW-CM-0051","PHW","15763","BYDA TELSTRA COMMS DN50","COMMUNICATIONS","Telstra","50","BYDA","D-DWG-PHW-023.2","","Yes","","144"
"PHW-EL-0039","PHW","15769","PUP ELECTRICITY","ELECTRICITY","","","PUP","D-DWG-PHW-023.2","","Yes","","145"
"PHW-EL-0040","PHW","16590","PUP ELECTRICITY","ELECTRICITY","","","PUP","D-DWG-PHW-024.2","","Yes","","146"
"PHW-SW-0005","PHW","17031","PUP SEWER DN375","SEWER","","375","PUP","D-DWG-PHW-025.2","","Yes","","147"
"PHW-SW-0006","PHW","18078","BYDA SEWER DN375","SEWER","","375","BYDA","D-DWG-PHW-026.2","","Yes","","148"
"PHW-CM-0052","PHW","18079","BYD TELSTRA COMMS ","COMMUNICATIONS","Telstra","","BYDA","D-DWG-PHW-026.2","","Yes","","149"
"PHW-FN-0020","PHW","18452","FENCE LINE NO POSTS  - WIRES ONLY","FENCE","","","","D-DWG-PHW-027.2","","Yes","","150"
"PHW-FN-0021","PHW","18507","FENCE LINE NO POSTS  - WIRES ONLY","FENCE","","","","D-DWG-PHW-027.2","","Yes","","151"
"PHW-EL-0041","PHW","18601","PUP ELECTRICITY","ELECTRICITY","","","PUP","D-DWG-PHW-027.2","","Yes","","152"
"PHW-CM-0053","PHW","18717","BYDA TELSTRA COMMSTUD","COMMUNICATIONS","Telstra","","BYDA","D-DWG-PHW-027.2","","Yes","LOCATION OF TELECOMS SERVICE NOT KNOWN.CONTRACTOR TO CONFIRM PRIOR TO CONSTRUCTION","153"
"PHW-CM-0054","PHW","18828","BYDA TELSTRA COMMS DN35 ","COMMUNICATIONS","Telstra","35","BYDA","D-DWG-PHW-027.2","","Yes","","154"
"PHW-EL-0042","PHW","18889","PUP ELECTRICITY","ELECTRICITY","","","PUP","D-DWG-PHW-027.2","","Yes","","155"
"PHW-CM-0055","PHW","19123","BYDA TELSTRA COMMS DN20","COMMUNICATIONS","Telstra","20","BYDA","D-DWG-PHW-028.2","","Yes","CONTRACTOR TO LOCATE EXISTING TELECOMS AND
ENSURE PIGGING STATION DOES NOT CLASH","156"
"PHW-FN-0022","PHW","19124","FENCE LINE NO POSTS  - WIRES ONLY","FENCE","","","","D-DWG-PHW-028.2","","Yes","","157"
"PHW-FN-0023","PHW","19155","FENCE LINE NO POSTS  - WIRES ONLY","FENCE","","","","D-DWG-PHW-028.2","","Yes","","158"
"PWG-CM-0001","PWG","12","BYDA TELSTRA COMMS DN20","COMMUNICATIONS","Telstra","20","BYDA","D-DWG-PWG-001.2","","Yes","","159"
"PWG-FN-0001","PWG","635","FENCE LINE NO POSTS -
WIRES ONLY","FENCE","","","","D-DWG-PWG-001.2","","Yes","","160"
"PWG-FN-0002","PWG","653","FENCE LINE NO POSTS -
WIRES ONLY","FENCE","","","","D-DWG-PWG-001.2","","Yes","","161"
"PWG-FN-0003","PWG","755","FENCE LINE NO POSTS - WIRES ONLY","FENCE","","","","D-DWG-PWG-002.2","","Yes","","162"
"PWG-FN-0004","PWG","905","FENCE LINE NO POSTS - WIRES ONLY","FENCE","","","","D-DWG-PWG-002.2","D-DWG-PWG-002_C","Yes","","163"
"PWG-SW-0001","PWG","1183","BYDA SEWER DN375","SEWER","","375","BYDA","D-DWG-PWG-002.2","","Yes","","164"
"PWG-EL-0001","PWG","1403","PUP ELECTRICITY","ELECTRICITY","","","PUP","D-DWG-PWG-003.2","","Yes","","165"
"PWG-CM-0002","PWG","1425","BYDA TELSTRA COMMS","COMMUNICATIONS","Telstra","","BYDA","D-DWG-PWG-003.2","","Yes","","166"
"PWG-CM-0003","PWG","1469","PUP COMMS DN50","COMMUNICATIONS","","50","PUP","D-DWG-PWG-003.2","D-DWG-PWG-003_C","Yes","","167"
"PWG-EL-0002","PWG","1494","PUP ELECTRICITY","ELECTRICITY","","","PUP","D-DWG-PWG-003.2","","Yes","","168"
"PWG-EL-0003","PWG","1788","PUP ELECTRICITY","ELECTRICITY","","","PUP","D-DWG-PWG-003.2","","Yes","","169"
"PWG-EL-0004","PWG","1839","PUP ELECTRICITY","ELECTRICITY","","","PUP","D-DWG-PWG-003.2","","Yes","","170"
"PWG-CM-0004","PWG","1867","PUP COMMS DN100","COMMUNICATIONS","","100","PUP","D-DWG-PWG-003.2","","Yes","","171"
"PWG-CM-0005","PWG","1871","BYDA NBN COMMS DN30","COMMUNICATIONS","NBN Co","30","BYDA","D-DWG-PWG-003.2","","Yes","","172"
"PWG-CM-0006","PWG","1872","PUP COMMS DN35","COMMUNICATIONS","","35","PUP","D-DWG-PWG-003.2","","Yes","","173"
"PWG-DR-0001","PWG","1894","PUP DRAINAGE DN1200x450","DRAINAGE","","1200 x 450","PUP","D-DWG-PWG-003.2","","Yes","","174"
"PWG-SW-0002","PWG","1900","BYDA SEWER DN250","SEWER","","250","BYDA","D-DWG-PWG-003.2","","Yes","","175"
"PWG-SW-0003","PWG","2046","BDYA TRC SEWER DN 150","SEWER","Toowoomba Regional Council","150","BYDA","D-DWG-PWG-003.2","","Yes","","176"
"PWG-EL-0005","PWG","2186","BYDA ELECTRICITY UGD DN100","ELECTRICITY","","100","BYDA","D-DWG-PWG-004.2","","Yes","","177"
"PWG-DR-0002","PWG","2217","PUP DRAINAGE DN900x450","DRAINAGE","","900 x 450","PUP","D-DWG-PWG-004.2","","Yes","","178"
"PWG-DR-0003","PWG","2494","PUP DRAINAGE DN450","DRAINAGE","","450","PUP","D-DWG-PWG-004.2","","Yes","","179"
"PWG-SW-0004","PWG","2556","BYDA SEWER DN250","SEWER","","250","BYDA","D-DWG-PWG-004.2","","Yes","","180"
"PWG-DR-0004","PWG","2560","PUP DRAINAGE DN600","DRAINAGE","","600","PUP","D-DWG-PWG-004.2","","Yes","","181"
"PWG-WA-0001","PWG","2578","BYDA WATER DN150","WATER","","150","BYDA","D-DWG-PWG-004.2","","Yes","","182"
"PWG-EL-0006","PWG","2744","PUP ELECTRICITY","ELECTRICITY","","","PUP","D-DWG-PWG-004.2","D-DWG-PWG-004_C","Yes","","183"
"PWG-WA-0002","PWG","2754","BYDA TRC WATER DN100","WATER","Toowoomba Regional Council","100","BYDA","D-DWG-PWG-004.2","","Yes","","184"
"PWG-CM-0007","PWG","2754","BYDA TELSTRA COMMS DN100","COMMUNICATIONS","Telstra","100","BYDA","D-DWG-PWG-004.2","","Yes","","185"
"PWG-CM-0008","PWG","2754","BYDA TELSTRA COMMS DN100","COMMUNICATIONS","Telstra","100","BYDA","D-DWG-PWG-004.2","","Yes","","186"
"PWG-CM-0009","PWG","2754","BYDA NBN COMMS DN30","COMMUNICATIONS","NBN Co","30","BYDA","D-DWG-PWG-004.2","","Yes","","187"
"PWG-CM-0010","PWG","2754","BYDA NBN COMMS DN30","COMMUNICATIONS","NBN Co","30","BYDA","D-DWG-PWG-004.2","","Yes","","188"
"PWG-CM-0011","PWG","2754","BYDA NBN COMMS DN30","COMMUNICATIONS","NBN Co","30","BYDA","D-DWG-PWG-004.2","","Yes","","189"
"PWG-CM-0012","PWG","2754","BYDA NBN COMMS DN30","COMMUNICATIONS","NBN Co","30","BYDA","D-DWG-PWG-004.2","","Yes","","190"
"PWG-CM-0013","PWG","2754","BYDA NBN COMMS DN30","COMMUNICATIONS","NBN Co","30","BYDA","D-DWG-PWG-004.2","","Yes","","191"
"PWG-CM-0014","PWG","2754","BYDA NBN COMMS DN30","COMMUNICATIONS","NBN Co","30","BYDA","D-DWG-PWG-004.2","","Yes","","192"
"PWG-EL-0007","PWG","2763","PUP ELECTRICITY","ELECTRICITY","","","PUP","D-DWG-PWG-004.2","","Yes","","193"
"PWG-WA-0003","PWG","2763","BYDA WATER DN200","WATER","","200","BYDA","D-DWG-PWG-004.2","","Yes","","194"
"PWG-WA-0004","PWG","2763","BYDA TRC WATER","WATER","Toowoomba Regional Council","","BYDA","D-DWG-PWG-004.2","","Yes","","195"
"PWG-EL-0008","PWG","2763","PUP ELECTRICITY","ELECTRICITY","","","PUP","D-DWG-PWG-004.2","","Yes","","196"
"PWG-EL-0009","PWG","2768","BYDA ELECTRICITYELD LV","ELECTRICITY","","","BYDA","D-DWG-PWG-004.2","D-DWG-PWG-004_C","Yes","","197"
"PWG-SW-0005","PWG","2771","BYDA TRC SEWER DN110","SEWER","Toowoomba Regional Council","110","BYDA","D-DWG-PWG-004.2","","Yes","","198"
"PWG-EL-0010","PWG","2771","BYDA ELECTRICITY UGD DN50","ELECTRICITY","","50","BYDA","D-DWG-PWG-004.2","","Yes","","199"
"PWG-SW-0006","PWG","2773","BYDA TRC SEWER DN63","SEWER","Toowoomba Regional Council","63","BYDA","D-DWG-PWG-004.2","","Yes","","200"
"PWG-SW-0007","PWG","2775","BYDA SEWER DN315","SEWER","","315","BYDA","D-DWG-PWG-004.2","","Yes","","201"
"PWG-SW-0008","PWG","2777","PUP SEWER DN150","SEWER","","150","PUP","D-DWG-PWG-004.2","","Yes","","202"
"PWG-CM-0015","PWG","2781","PUP COMMS DN100","COMMUNICATIONS","","100","PUP","D-DWG-PWG-004.2","","Yes","","203"
"PWG-CM-0016","PWG","2805","PUP COMMS DN50","COMMUNICATIONS","","50","PUP","D-DWG-PWG-005.2","","Yes","","204"
"PWG-SW-0009","PWG","2868","PUP SEWER DN150","SEWER","","150","PUP","D-DWG-PWG-005.2","","Yes","","205"
"PWG-FN-0005","PWG","2908","FENCE LINE NO POSTS - WIRES ONLY","FENCE","","","","D-DWG-PWG-005.2","","Yes","","206"
"PWG-FN-0006","PWG","3368","FENCE LINE NO POSTS - WIRES ONLY","FENCE","","","","D-DWG-PWG-005.2","","Yes","","207"
"PWG-FN-0007","PWG","4640","FENCE LINE NO POSTS - WIRES ONLY","FENCE","","","","D-DWG-PWG-007.2","D-DWG-PWG-007_C","Yes","","208"
"PWG-FN-0008","PWG","5448","FENCE LINE NO POSTS - WIRES ONLY","FENCE","","","","D-DWG-PWG-008.2","","Yes","","209"
"PWG-FN-0009","PWG","6505","FENCE LINE NO POSTS ","FENCE","","","","D-DWG-PWG-010.2","D-DWG-PWG-010_C","Yes","","210"
"PWG-CM-0017","PWG","7079","BYDA NEXTGEN COMMS DN50","COMMUNICATIONS","Nextgen","50","BYDA","D-DWG-PWG-011.2","","Yes","","211"
"PWG-FN-0010","PWG","7098","FENCE LINE NO POSTS - WIRES ONLY","FENCE","","","","D-DWG-PWG-011.2","","Yes","","212"
"PWG-FN-0011","PWG","7116","FENCE LINE NO POSTS - WIRES ONLY","FENCE","","","","D-DWG-PWG-011.2","","Yes","","213"
"PWG-FN-0012","PWG","7260","FENCE LINE NO POSTS - WIRES ONLY","FENCE","","","","D-DWG-PWG-011.2","D-DWG-PWG-011_C","Yes","","214"
"PWG-FN-0013","PWG","7577","FENCE LINE NO POSTS - WIRES ON","FENCE","","","","D-DWG-PWG-011.2","","Yes","","215"
"PWG-WA-0005","PWG","7609","BYDA WATER","WATER","","","BYDA","D-DWG-PWG-011.2","","Yes","","216"
"PWG-EL-0011","PWG","7609","PUP ELECTRICITY","ELECTRICITY","","","PUP","D-DWG-PWG-011.2","","Yes","","217"
"PWG-OI-0001","PWG","7633","BYDA OIL","OIL","","","BYDA","D-DWG-PWG-011.2","","Yes","","218"
"PWG-WA-0006","PWG","7820","UNKNOW WATER","WATER","","","","D-DWG-PWG-012.2","","Yes","","219"
"PWG-EL-0012","PWG","7826","PUP ELECTRICITY","ELECTRICITY","","","PUP","D-DWG-PWG-012.2","","Yes","","220"
"PWG-EL-0013","PWG","7826","PUP ELECTRICITY","ELECTRICITY","","","PUP","D-DWG-PWG-012.2","","Yes","","221"
"PWG-WA-0007","PWG","7854","BYDA WATER DN375","WATER","","375","BYDA","D-DWG-PWG-012.2","","Yes","","222"
"PWG-WA-0008","PWG","7915","BYDA WATER DN375","WATER","","375","BYDA","D-DWG-PWG-012.2","","Yes","","223"
"PWG-WA-0009","PWG","7953","BYDA WATER DN150","WATER","","150","BYDA","D-DWG-PWG-012.2","","Yes","","224"
"PWG-DR-0005","PWG","7953","PUP DRAINAGE DN200x500","DRAINAGE","","200 x 500","PUP","D-DWG-PWG-012.2","","Yes","","225"
"PWG-EL-0014","PWG","7958","PUP ELECTRICITY","ELECTRICITY","","","PUP","D-DWG-PWG-012.2","","Yes","","226"
"PWG-EL-0015","PWG","8041","PUP ELECTRICITY","ELECTRICITY","","","PUP","D-DWG-PWG-012.2","","Yes","","227"
"PWG-EL-0016","PWG","8042","PUP ELECTRICITY","ELECTRICITY","","","PUP","D-DWG-PWG-012.2","","Yes","","228"
"PWG-WA-0010","PWG","8067","BYDA WATER DN150","WATER","","150","BYDA","D-DWG-PWG-012.2","","Yes","","229"
"PWG-WA-0011","PWG","8117","BYDA WATER","WATER","","","BYDA","D-DWG-PWG-012.2","","Yes","","230"
"PWG-WA-0012","PWG","8220","BYDA WATER","WATER","","","BYDA","D-DWG-PWG-012.2","D-DWG-PWG-012_C","Yes","","231"
"PWG-EL-0017","PWG","8234","PUP ELECTRICITY","ELECTRICITY","","","PUP","D-DWG-PWG-012.2","","Yes","","232"
"PWG-WA-0013","PWG","8257","BYDA WATER","WATER","","","BYDA","D-DWG-PWG-012.2","","Yes","","233"
"PWG-EL-0018","PWG","8266","PUP ELECTRICITY","ELECTRICITY","","","PUP","D-DWG-PWG-012.2","","Yes","","234"
"PWG-WA-0014","PWG","8278","BYDA WATER DN150","WATER","","150","BYDA","D-DWG-PWG-012.2","","Yes","","235"
"PWG-CM-0018","PWG","8289","PUP COMMS DN300","COMMUNICATIONS","","300","PUP","D-DWG-PWG-012.2","","Yes","","236"
"PWG-EL-0019","PWG","8306","PUP ELECTRICITY","ELECTRICITY","","","PUP","D-DWG-PWG-012.2","","Yes","","237"
"PWG-WA-0015","PWG","8306","BYDA WATER","WATER","","","BYDA","D-DWG-PWG-012.2","","Yes","","238"
"PWG-EL-0020","PWG","8310","PUP ELECTRICITY","ELECTRICITY","","","PUP","D-DWG-PWG-012.2","","Yes","","239"
"PWG-CM-0019","PWG","8358","BYDA COMMS DN100","COMMUNICATIONS","","100","BYDA","D-DWG-PWG-012.2","","Yes","","240"
"PWG-CM-0020","PWG","8370","BYDA TELSTRA COMMS DN100","COMMUNICATIONS","Telstra","100","BYDA","D-DWG-PWG-012.2","","Yes","","241"
"PWG-CM-0021","PWG","8372","BYDA TELSTRA COMMS DN30","COMMUNICATIONS","Telstra","30","BYDA","D-DWG-PWG-012.2","","Yes","","242"
"PWG-WA-0016","PWG","8442","BYDA WATER ""SIZE TBC""","WATER","","TBC","BYDA","D-DWG-PWG-013.2","","Yes","","243"
"PWG-WA-0017","PWG","8487","BYDA WATER","WATER","","","BYDA","D-DWG-PWG-013.2","","Yes","","244"
"PWG-CM-0022","PWG","8489","BYDA TELSTRA COMMS DN100","COMMUNICATIONS","Telstra","100","BYDA","D-DWG-PWG-013.2","","Yes","","245"
"PWG-FN-0014","PWG","8491","FENCE LINE NO POSTS - WIRES ONLY","FENCE","","","","D-DWG-PWG-013.2","","Yes","","246"
"PWG-CM-0023","PWG","8532","PUP COMMS DN200 PVC","COMMUNICATIONS","","200","PUP","D-DWG-PWG-013.2","","Yes","","247"
"PWG-CM-0024","PWG","8577","BYDA NBN COMMS DN30","COMMUNICATIONS","NBN Co","30","BYDA","D-DWG-PWG-013.2","","Yes","","248"
"PWG-CM-0025","PWG","8596","BYDA NBN COMMS","COMMUNICATIONS","NBN Co","","BYDA","D-DWG-PWG-013.2","","Yes","","249"
"PWG-CM-0026","PWG","8597","PUP COMMS PVC","COMMUNICATIONS","","","PUP","D-DWG-PWG-013.2","","Yes","","250"
"PWG-WA-0018","PWG","8603","BYDA WATER DN150","WATER","","150","BYDA","D-DWG-PWG-013.2","","Yes","","251"
"PWG-SW-0010","PWG","8607","PUP SEWER DN150","SEWER","","150","PUP","D-DWG-PWG-013.2","","Yes","","252"
"PWG-SW-0011","PWG","8697","PUP SEWER DN315","SEWER","","315","PUP","D-DWG-PWG-013.2","","Yes","","253"
"PWG-CM-0027","PWG","9243","BYDA TELSTRA COMMS DN50 CONC COVER","COMMUNICATIONS","Telstra","50","BYDA","D-DWG-PWG-014.2","","Yes","","254"
"PWG-EL-0021","PWG","9561","PUP ELECTRICITY","ELECTRICITY","","","PUP","D-DWG-PWG-014.2","","Yes","","255"
"PWG-EL-0022","PWG","9585","PUP ELECTRICITY","ELECTRICITY","","","PUP","D-DWG-PWG-014.2","","Yes","","256"
"PWG-EL-0023","PWG","9585","PUP ELECTRICITY","ELECTRICITY","","","PUP","D-DWG-PWG-014.2","","Yes","","257"
"PWG-EL-0024","PWG","9788","PUP ELECTRICITY","ELECTRICITY","","","PUP","D-DWG-PWG-014.2","","Yes","","258"
"PWG-EL-0025","PWG","10298","PUP ELECTRICITY","ELECTRICITY","","","PUP","D-DWG-PWG-015.2","","Yes","","259"
"PWG-CM-0028","PWG","10433","BYDA TELSTRA COMMS DN50 CONC COVER","COMMUNICATIONS","Telstra","50","BYDA","D-DWG-PWG-015.2","","Yes","","260"
"PWG-CM-0029","PWG","10433","BYDA NBN COMMS DN30","COMMUNICATIONS","NBN Co","30","BYDA","D-DWG-PWG-015.2","","Yes","","261"
"PWG-CM-0030","PWG","10433","BYDA TELSTRACOMMS DN30","COMMUNICATIONS","Telstra","30","BYDA","D-DWG-PWG-015.2","","Yes","","262"
"PWG-EL-0026","PWG","10905","PUP ELECTRICITY","ELECTRICITY","","","PUP","D-DWG-PWG-016.2","","Yes","","263"
"PWG-EL-0027","PWG","11179","PUP ELECTRICITY","ELECTRICITY","","","PUP","D-DWG-PWG-016.2","","Yes","","264"
"PWG-EL-0028","PWG","11482","PUP ELECTRICITY","ELECTRICITY","","","PUP","D-DWG-PWG-017.2","","Yes","","265"
"PWG-CM-0031","PWG","11771","BYDA TELSTRA COMMS DN50 CONC COVER","COMMUNICATIONS","Telstra","50","BYDA","D-DWG-PWG-017.2","","Yes","","266"
"PWG-EL-0029","PWG","11771","PUP ELECTRICITY","ELECTRICITY","","","PUP","D-DWG-PWG-017.2","","Yes","","267"
"PWG-EL-0030","PWG","11969","PUP ELECTRICITY","ELECTRICITY","","","PUP","D-DWG-PWG-018.2","","Yes","","268"
"PWG-EL-0031","PWG","12094","PUP ELECTRICITY","ELECTRICITY","","","PUP","D-DWG-PWG-018.2","","Yes","","269"
"PWG-FN-0015","PWG","12214","FENCE LINE NO POSTS - WIRES ONLY","FENCE","","","","D-DWG-PWG-018.2","","Yes","","270"
"PWG-FN-0016","PWG","12273","FENCE LINE NO POSTS - WIRES ONLY","FENCE","","","","D-DWG-PWG-018.2","","Yes","","271"
"PWG-CM-0032","PWG","12307","BYDA NBN COMMS DN30","COMMUNICATIONS","NBN Co","30","BYDA","D-DWG-PWG-018.2","","Yes","","272"
"PWG-CM-0033","PWG","12307","BYDA NBN COMMS DN30","COMMUNICATIONS","NBN Co","30","BYDA","D-DWG-PWG-018.2","","Yes","","273"
"PWG-CM-0034","PWG","12320","BYDA TELSTRA COMMS DN35","COMMUNICATIONS","Telstra","35","BYDA","D-DWG-PWG-018.2","","Yes","","274"
"PWG-CM-0035","PWG","12322","BYDA NBN COMMS DN30","COMMUNICATIONS","NBN Co","30","BYDA","D-DWG-PWG-018.2","","Yes","","275"
"PWG-CM-0036","PWG","12322","BYDA NBN COMMS DN30","COMMUNICATIONS","NBN Co","30","BYDA","D-DWG-PWG-018.2","","Yes","","276"
"PWG-CM-0037","PWG","12322","BYDA NBN COMMS DN30","COMMUNICATIONS","NBN Co","30","BYDA","D-DWG-PWG-018.2","","Yes","","277"
"PWG-CM-0038","PWG","13228","BYDA TELSTRA COMMS DN50","COMMUNICATIONS","Telstra","50","BYDA","D-DWG-PWG-019.2","","Yes","","278"
"PWG-FN-0017","PWG","13375","FENCE LINE NO POSTS - WIRES ONLY","FENCE","","","","D-DWG-PWG-020.2","","Yes","","279"
"PWG-FN-0018","PWG","13375","FENCE LINE NO POSTS - WIRES ONLY","FENCE","","","","D-DWG-PWG-020.2","","Yes","","280"
"PWG-FN-0019","PWG","13375","FENCE LINE NO POSTS - WIRES ONLY","FENCE","","","","D-DWG-PWG-020.2","","Yes","","281"
"PWG-EL-0032","PWG","13380","PUP ELECTRICITY","ELECTRICITY","","","PUP","D-DWG-PWG-020.2","","Yes","","282"
"PWG-FN-0020","PWG","14071","FENCE LINE NO POSTS - WIRES ONLY","FENCE","","","","D-DWG-PWG-021.2","","Yes","","283"
"PWG-FN-0021","PWG","14136","FENCE - CHAINWIRE","FENCE","","","","D-DWG-PWG-021.2","","Yes","","284"
"PWG-FN-0022","PWG","14214","FENCE - CHAINWIRE","FENCE","","","","D-DWG-PWG-021.2","","Yes","","285"
"PWG-FN-0027","PWG","15528","FENCE LINE NO POSTS - WIRES ONLY","FENCE","","","","D-DWG-PWG-021.2","","Yes","","286"
"PWG-FN-0028","PWG","15528","FENCE LINE NO POSTS - WIRES ONLY","FENCE","","","","D-DWG-PWG-021.2","","Yes","","287"
"PWG-CM-0040","PWG","15533","BYDA TELSTRA COMMS DN20","COMMUNICATIONS","Telstra","20","BYDA","D-DWG-PWG-021.2","","Yes","","288"
"PWG-CM-0041","PWG","15566","BYDA TELSTRA COMMS DN20","COMMUNICATIONS","Telstra","20","BYDA","D-DWG-PWG-021.2","","Yes","","289"
"PWG-FN-0030","PWG","15571","FENCE LINE NO POSTS - WIRES ONLY","FENCE","","","","D-DWG-PWG-021.2","","Yes","","290"
"PWG-CM-0039","PWG","14877","BYDA TELSTRA COMMS DN20","COMMUNICATIONS","Telstra","20","BYDA","D-DWG-PWG-022.2","","Yes","","291"
"PWG-FN-0023","PWG","14883","FENCE - CHAINWIRE","FENCE","","","","D-DWG-PWG-022.2","","Yes","","292"
"PWG-FN-0024","PWG","15016","FENCE - CHAINWIRE","FENCE","","","","D-DWG-PWG-022.2","","Yes","","293"
"PWG-FN-0025","PWG","15340","FENCE - CHAINWIRE","FENCE","","","","D-DWG-PWG-022.2","","Yes","","294"
"PWG-CM-0042","PWG","15663","BYDA NBN COMMS DN30","COMMUNICATIONS","NBN Co","30","BYDA","D-DWG-PWG-022.2","","Yes","","295"
"PWG-CM-0043","PWG","15663","BYDA NBN COMMS DN30","COMMUNICATIONS","NBN Co","30","BYDA","D-DWG-PWG-022.2","","Yes","","296"
"PWG-FN-0026","PWG","15475","FENCE CHAINWIRE","FENCE","","","","D-DWG-PWG-023.2","","Yes","","297"
"PWG-FN-0029","PWG","15542","FENCE CHAINWIRE","FENCE","","","","D-DWG-PWG-023.2","","Yes","","298"
"PWG-FN-0031","PWG","15593","FENCE CHAINWIRE","FENCE","","","","D-DWG-PWG-023.2","","Yes","","299"
"PWG-EL-0033","PWG","16364","PUP ELECTRICITY","ELECTRICITY","","","PUP","D-DWG-PWG-024.2","","Yes","","300"
"PWG-FN-0032","PWG","16520","FENCE LINE NO POSTS ","FENCE","","","","D-DWG-PWG-024.2","D-DWG-PWG-024_C","Yes","","301"
"PWG-FN-0033","PWG","16930","FENCE LINE NO POSTS ","FENCE","","","","D-DWG-PWG-025.2","D-DWG-PWG-025_C","Yes","","302"
"PWG-EL-0034","PWG","16969","PUP ELECTRICITY","ELECTRICITY","","","PUP","D-DWG-PWG-025.2","","Yes","","303"
"PWG-CM-0044","PWG","16979","BYDA TELSTRA COMMS DN50","COMMUNICATIONS","Telstra","50","BYDA","D-DWG-PWG-025.2","","Yes","","304"
"PWG-EL-0035","PWG","17006","PUP ELECTRICITY","ELECTRICITY","","","PUP","D-DWG-PWG-025.2","","Yes","","305"
"PWG-EL-0036","PWG","17105","PUP ELECTRICITY","ELECTRICITY","","","PUP","D-DWG-PWG-025.2","","Yes","","306"
"PWG-CM-0045","PWG","18029","BYDA TELSTRA COMMS DN50","COMMUNICATIONS","Telstra","50","BYDA","D-DWG-PWG-026.2","","Yes","","307"
"PWG-EL-0037","PWG","18050","PUP ELECTRICITY","ELECTRICITY","","","PUP","D-DWG-PWG-026.2","","Yes","","308"
"PWG-CM-0046","PWG","18119","PUP COMMS DN50","COMMUNICATIONS","","50","PUP","D-DWG-PWG-026.2","","Yes","","309"
"PWG-EL-0038","PWG","18184","PUP ELECTRICITY","ELECTRICITY","","","PUP","D-DWG-PWG-026.2","","Yes","","310"
"PWG-CM-0047","PWG","18216","BYDA TELSTRA COMMS DN35","COMMUNICATIONS","Telstra","35","BYDA","D-DWG-PWG-027.2","","Yes","","311"
"PWG-EL-0039","PWG","19524","PUP ELECTRICITY","ELECTRICITY","","","PUP","D-DWG-PWG-028.2","","Yes","","312"
"PWG-EL-0040","PWG","19541","PUP ELECTRICITY","ELECTRICITY","","","PUP","D-DWG-PWG-028.2","","Yes","","313"
"PWG-CM-0048","PWG","19765","BYDA TELSTRA COMMS DN20","COMMUNICATIONS","Telstra","20","BYDA","D-DWG-PWG-029.2","","Yes","","314"
"PWG-EL-0041","PWG","20818","PUP ELECTRICITY","ELECTRICITY","","","PUP","D-DWG-PWG-030.2","","Yes","","315"
"PWG-EL-0042","PWG","20947","PUP ELECTRICITY","ELECTRICITY","","","PUP","D-DWG-PWG-030.2","","Yes","","316"
"PWG-EL-0043","PWG","21376","PUP ELECTRICITY","ELECTRICITY","","","PUP","D-DWG-PWG-031.2","","Yes","","317"
"PWG-EL-0044","PWG","21486","PUP ELECTRICITY","ELECTRICITY","","","PUP","D-DWG-PWG-031.2","","Yes","","318"
"PWG-EL-0045","PWG","22272","PUP ELECTRICITY","ELECTRICITY","","","PUP","D-DWG-PWG-032.2","","Yes","","319"
"PWG-EL-0046","PWG","22504","PUP ELECTRICITY","ELECTRICITY","","","PUP","D-DWG-PWG-033.2","","Yes","","320"
"PWG-EL-0047","PWG","22650","PUP ELECTRICITY","ELECTRICITY","","","PUP","D-DWG-PWG-033.2","","Yes","","321"
"PWG-EL-0048","PWG","24097","PUP ELECTRICITY","ELECTRICITY","","","PUP","D-DWG-PWG-035.2","","Yes","","322"
"PWG-EL-0049","PWG","24097","PUP ELECTRICITY","ELECTRICITY","","","PUP","D-DWG-PWG-035.2","","Yes","","323"
"PWG-EL-0050","PWG","24426","PUP ELECTRICITY","ELECTRICITY","","","PUP","D-DWG-PWG-035.2","","Yes","","324"
"PWG-EL-0051","PWG","24713","PUP ELECTRICITY","ELECTRICITY","","","PUP","D-DWG-PWG-036.2","","Yes","","325"
"PWG-EL-0052","PWG","24850","PUP ELECTRICITY","ELECTRICITY","","","PUP","D-DWG-PWG-036.2","","Yes","","326"
"PWG-EL-0053","PWG","24909","PUP ELECTRICITY","ELECTRICITY","","","PUP","D-DWG-PWG-036.2","","Yes","","327"
"PWG-EL-0054","PWG","25129","PUP ELECTRICITY","ELECTRICITY","","","PUP","D-DWG-PWG-036.2","","Yes","","328"
"PWG-WA-0019","PWG","25166","BYDA WATER DN100","WATER","","100","BYDA","D-DWG-PWG-036.2","","Yes","","329"
"PWG-EL-0055","PWG","25632","PUP ELECTRICITY","ELECTRICITY","","","PUP","D-DWG-PWG-037.2","","Yes","","330"
"PWG-WA-0020","PWG","26007","BYDA WATER DN150","WATER","","150","BYDA","D-DWG-PWG-038.2","","Yes","","331"
"PWG-CM-0049","PWG","26205","BYDA TELSTRA COMMS DN100","COMMUNICATIONS","Telstra","100","BYDA","D-DWG-PWG-038.2","","Yes","","332"
"PWG-EL-0056","PWG","26256","PUP ELECTRICITY","ELECTRICITY","","","PUP","D-DWG-PWG-038.2","","Yes","","333"
"PWG-WA-0021","PWG","26480","BYDA WATER DN100","WATER","","100","BYDA","D-DWG-PWG-038.2","","Yes","","334"
"PHW-EL-0003","PHW","2792","BYDA ELECTRICITY","ELECTRICITY","","","BYDA","","","Yes","","335"
