"Setting","Value","What it does"
"Recorded By","Jerry KH","Fills in your name on the End of day page and in the Edit Log, so it is not typed every day."
"Default Shift","Day","Which shift the End of day page starts on."
"Default Weather","Fine","Which weather the End of day page starts on."
"Default Shift Hours","10","The hours a new plant or labour row starts with."
"Workbook File Name","T2W_Pipeline_Master_Asset_Register.xlsx","The file the page saves back into when a project folder is set."
"Backups Folder","backups","The folder inside the project folder that timestamped copies go into."
"Project Folder (last used)","t2w-asset-register_rev2","A note of where the register was last opened from. A browser cannot be handed a path for security, so the folder still has to be picked once per browser — this is a reminder of which one."
"Pipe Type PHW","DICL","Which pipe the cost view prices PHW against until a section says otherwise."
"Pipe Type PWG","DICL","Which pipe the cost view prices PWG against until a section says otherwise."
