"Pipe ID","Pipeline","Start Chainage","End Chainage","SC(m)","EC (m)","Area m2","Timber Density HEAVY/LIGHT/TRIM","Other Information","Loaded to Master Register?"
"VEG_PAE001","PAE","0.06","0.07","","","90.3","LIGHT","MULTIPLE SMALL TREES","NOT LOADED - section not in register"
"VEG_PAE002","PAE","0.15","0.21","","","503","TRIM","BRANCHES HANGING OVER PIPE","NOT LOADED - section not in register"
"VEG_PAE003","PAE","0.51","0.52","","","90.4","HEAVY","1 LARGE TREE","NOT LOADED - section not in register"
"VEG_PHW001","PHW","0.01","0.02","10","20","195","HEAVY","1 LARGE TREE, MULTIPLE SMALL TREES","LOADED"
"VEG_PHW002","PHW","0.06","0.2","60","200","658","LIGHT","MULTIPLE SMALL TREES","LOADED"
"VEG_PHW003","PHW","0.25","0.27","250","270","110","HEAVY","1 LARGE TREE","LOADED"
"VEG_PHW004","PHW","0.33","0.37","330","370","486","HEAVY","2 LARGE TREES","LOADED"
"VEG_PHW005","PHW","0.38","0.41","380","410","145","HEAVY","2 LARGE TREES","LOADED"
"VEG_PHW006","PHW","0.45","0.46","450","460","18.7","TRIM","BRANCHES HANGING OVER PIPE","LOADED"
"VEG_PHW007","PHW","0.51","0.53","510","530","85.9","TRIM","3 SMALL TREES","LOADED"
"VEG_PHW008","PHW","0.54","0.56","540","560","147","HEAVY","2 LARGE TREES","LOADED"
"VEG_PHW009","PHW","0.62","0.64","620","640","108","HEAVY","1 LARGE TREE, 1 SMALL TREE","LOADED"
"VEG_PHW010","PHW","0.67","0.69","670","690","110","HEAVY","2 LARGE TREES","LOADED"
"VEG_PHW011","PHW","0.73","0.74","730","740","62.9","HEAVY","1 LARGE TREE","LOADED"
"VEG_PHW012","PHW","0.77","0.8","770","800","262","HEAVY","3 LARGE TREES","LOADED"
"VEG_PHW013","PHW","0.89","0.9","890","900","24.2","LIGHT","1 SMALL TREE","LOADED"
"VEG_PHW014","PHW","0.92","0.93","920","930","66.5","HEAVY","2 LARGE TREES","LOADED"
"VEG_PHW015","PHW","0.95","0.95","950","950","9.64","LIGHT","1 SMALL TREE","LOADED"
"VEG_PHW016","PHW","0.96","0.98","960","980","123","HEAVY","2 LARGE TREES, TRIMMING NEEDED","LOADED"
"VEG_PHW017","PHW","1","1.01","1000","1010","55.6","TRIM","BRANCHES HANGING OVER PIPE","LOADED"
"VEG_PHW018","PHW","1.01","1.02","1010","1020","57.9","HEAVY","2 LARGE TREES","LOADED"
"VEG_PHW019","PHW","1.04","1.05","1040","1050","23","LIGHT","2 SMALL TREES","LOADED"
"VEG_PHW020","PHW","1.07","1.08","1070","1080","85.4","HEAVY","2 LARGE TREES","LOADED"
"VEG_PHW021","PHW","1.1","1.13","1100","1130","117","HEAVY","3 LARGE TREES","LOADED"
"VEG_PHW022","PHW","1.14","1.15","1140","1150","82","HEAVY","1 LARGE TREE","LOADED"
"VEG_PHW023","PHW","1.17","1.19","1170","1190","46.3","TRIM","BRANCHES HANGING OVER PIPE","LOADED"
"VEG_PHW024","PHW","1.21","1.22","1210","1220","12.4","TRIM","BRANCHES HANGING OVER PIPE","LOADED"
"VEG_PHW025","PHW","1.25","1.25","1250","1250","54","LIGHT","1 SMALL TREE","LOADED"
"VEG_PHW026","PHW","1.32","1.33","1320","1330","66","LIGHT","1 SMALL TREE","LOADED"
"VEG_PHW027","PHW","1.74","1.78","1740","1780","402","HEAVY","2 LARGE TREES, 2 SMALL TREES","LOADED"
"VEG_PHW028","PHW","1.81","1.83","1810","1830","271","HEAVY","1 LARGE TREE","LOADED"
"VEG_PHW029","PHW","1.98","2.01","1980","2010","380","HEAVY","1 LARGE TREE, 2 SMALL TREES","LOADED"
"VEG_PHW030","PHW","2.03","2.04","2030","2040","99","LIGHT","2 SMALL TREES","LOADED"
"VEG_PHW031","PHW","2.32","2.33","2320","2330","44.8","LIGHT","1 SMALL TREE","LOADED"
"VEG_PHW032","PHW","2.36","2.38","2360","2380","141","TRIM","1 LARGE TREE, 1 SMALL TREE","LOADED"
"VEG_PHW033","PHW","2.36","2.37","2360","2370","94","TRIM","1 LARGE TREE","LOADED"
"VEG_PHW034","PHW","2.4","2.42","2400","2420","138","HEAVY","1 LARGE TREE","LOADED"
"VEG_PHW035","PHW","2.46","2.48","2460","2480","132","HEAVY","1 LARGE TREE","LOADED"
"VEG_PHW036","PHW","2.48","2.49","2480","2490","37.7","LIGHT","2 SMALL TREES","LOADED"
"VEG_PHW037","PHW","2.5","2.51","2500","2510","17","LIGHT","1 SMALL TREE","LOADED"
"VEG_PHW038","PHW","2.56","2.58","2560","2580","117","HEAVY","2 LARGE TREES","LOADED"
"VEG_PHW039","PHW","2.62","2.62","2620","2620","29","HEAVY","1 LARGE TREE","LOADED"
"VEG_PHW040","PHW","2.71","2.72","2710","2720","43.3","LIGHT","3 SMALL TREES","LOADED"
"VEG_PHW041","PHW","2.75","2.75","2750","2750","32.5","TRIM","BRANCHES HANGING OVER PIPE","LOADED"
"VEG_PHW042","PHW","2.77","2.79","2770","2790","86.4","HEAVY","1 LARGE TREE, 1 SMALL TREE","LOADED"
"VEG_PHW043","PHW","2.81","2.81","2810","2810","41.4","LIGHT","1 SMALL TREE","LOADED"
"VEG_PHW044","PHW","3.93","3.94","3930","3940","283","HEAVY","1 LARGE TREE","LOADED"
"VEG_PHW045","PHW","3.95","3.96","3950","3960","99","LIGHT","1 SMALL TREE","LOADED"
"VEG_PHW046","PHW","4.9","4.91","4900","4910","309","HEAVY","1 LARGE TREE","LOADED"
"VEG_PHW047","PHW","5.39","5.41","5390","5410","142","HEAVY","1 LARGE TREE","LOADED"
"VEG_PHW048","PHW","5.84","5.85","5840","5850","85.2","LIGHT","1 SMALL TREE","LOADED"
"VEG_PHW049","PHW","5.97","5.99","5970","5990","212","HEAVY","2 LARGE TREES","LOADED"
"VEG_PHW050","PHW","6.62","6.63","6620","6630","27","LIGHT","1 SMALL TREE","LOADED"
"VEG_PHW051","PHW","8.31","8.32","8310","8320","188","HEAVY","1 LARGE TREE","LOADED"
"VEG_PHW052","PHW","8.35","8.36","8350","8360","54.8","HEAVY","1 LARGE TREE","LOADED"
"VEG_PHW053","PHW","8.46","8.47","8460","8470","56","TRIM","1 LARGE TREE","LOADED"
"VEG_PHW054","PHW","8.95","8.96","8950","8960","88.8","HEAVY","1 LARGE TREE","LOADED"
"VEG_PHW055","PHW","8.97","8.98","8970","8980","5","LIGHT","1 SMALL TREE","LOADED"
"VEG_PHW056","PHW","9.14","9.15","9140","9150","164","HEAVY","1 LARGE TREE","LOADED"
"VEG_PHW057","PHW","9.22","9.23","9220","9230","40","LIGHT","3 SMALL TREES","LOADED"
"VEG_PHW058","PHW","9.46","9.47","9460","9470","48","HEAVY","1 LARGE TREE","LOADED"
"VEG_PHW059","PHW","9.59","9.6","9590","9600","29","LIGHT","1 SMALL TREE","LOADED"
"VEG_PHW060","PHW","10.32","10.33","10320","10330","65.7","HEAVY","1 LARGE TREE","LOADED"
"VEG_PHW061","PHW","11.18","11.19","11180","11190","23.8","LIGHT","1 SMALL TREE","LOADED"
"VEG_PHW062","PHW","13.59","13.61","13590","13610","90","LIGHT","4 SMALL TREE","LOADED"
"VEG_PHW063","PHW","13.96","13.98","13960","13980","73","TRIM","3 LARGE TREES","LOADED"
"VEG_PHW064","PHW","14.25","14.26","14250","14260","21.5","LIGHT","1 SMALL TREE","LOADED"
"VEG_PHW065","PHW","14.35","14.36","14350","14360","29","TRIM","1 LARGE TREE","LOADED"
"VEG_PHW066","PHW","15.76","15.77","15760","15770","43","TRIM","1 LARGE TREE","LOADED"
"VEG_PHW067","PHW","18.99","19","18990","19000","63.7","LIGHT","1 SMALL TREE","LOADED"
"VEG_PHW068","PHW","19.01","19.06","19010","19060","593","HEAVY","6 LARGE TREES","LOADED"
"VEG_PHW069","PHW","19.11","19.12","19110","19120","105","HEAVY","2 LARGE TREES","LOADED"
"VEG_PHW070","PHW","19.132","19.132","19132","19132","73","HEAVY","1 LARGE TREES","LOADED"
"VEG_PWG001","PWG","0.4","0.43","","","234","HEAVY","4 SMALL TREES","LOADED"
"VEG_PWG002","PWG","0.44","0.45","","","113","LIGHT","2 SMALL TREES","LOADED"
"VEG_PWG003","PWG","0.49","0.53","","","273","HEAVY","MULTIPLE SMALL TREES","LOADED"
"VEG_PWG004","PWG","0.59","0.74","","","1550","HEAVY","MULTIPLE LARGE & SMALL TREES","LOADED"
"VEG_PWG005","PWG","0.76","0.88","","","1520","HEAVY","MULTIPLE LARGE & SMALL TREES","LOADED"
"VEG_PWG006","PWG","0.99","1","","","56.6","LIGHT","1 SMALL TREE","LOADED"
"VEG_PWG007","PWG","1.04","1.05","","","27","LIGHT","1 SMALL TREE","LOADED"
"VEG_PWG008","PWG","1.43","1.46","","","215","HEAVY","MULTIPLE SMALL TREES & 1 LARGE TREE","LOADED"
"VEG_PWG009","PWG","2.21","2.22","","","80","HEAVY","MULTIPLE SMALL TREES","LOADED"
"VEG_PWG010","PWG","2.37","2.38","","","50","LIGHT","2 SMALL TREES","LOADED"
"VEG_PWG011","PWG","3.25","3.26","","","31.4","LIGHT","1 SMALL TREE","LOADED"
"VEG_PWG012","PWG","3.54","3.56","","","145","HEAVY","1 LARGE TREE","LOADED"
"VEG_PWG013","PWG","3.59","3.6","","","13.6","LIGHT","1 SMALL TREE","LOADED"
"VEG_PWG014","PWG","4.08","4.09","","","46.6","LIGHT","1 SMALL TREE","LOADED"
"VEG_PWG015","PWG","10.68","10.69","","","116","HEAVY","MULTIPLE SMALL TREES","LOADED"
"VEG_PWG016","PWG","21.58","21.59","","","74.8","HEAVY","1 LARGE TREE","LOADED"
"VEG_PWG017","PWG","24.01","24.02","","","32.5","LIGHT","1 SMALL TREE","LOADED"
"VEG_PWG018","PWG","24.83","24.86","","","176","HEAVY","MULTIPLE SMALL TREES","LOADED"
"VEG_PWG019","PWG","26.07","26.08","","","64.7","HEAVY","2 LARGE TREES","LOADED"
"VEG_PWG020","PWG","26.29","26.3","","","23","LIGHT","2 SMALL TREES","LOADED"
"VEG_PWG021","PWG","26.43","26.44","","","79","HEAVY","1 LARGE TREE","LOADED"
"VEG_PLG001","PLG","0.22","0.23","","","21.8","LIGHT","1 SMALL TREE","NOT LOADED - section not in register"
"VEG_PLG002","PLG","0.69","0.71","","","135","HEAVY","2 LARGE TREES","NOT LOADED - section not in register"
"VEG_PLG003","PLG","1.5","1.52","","","114","HEAVY","MULTIPLE LARGE & SMALL TREES","NOT LOADED - section not in register"
"VEG_PLG004","PLG","4.71","4.74","","","187","HEAVY","MULTIPLE SMALL TREES","NOT LOADED - section not in register"
"VEG_PLG005","PLG","5.97","5.99","","","80.1","HEAVY","1 LARGE TREE & 2 SMALL TREES","NOT LOADED - section not in register"
"VEG_PLG006","PLG","7.65","7.66","","","215","HEAVY","1 LARGE TREE","NOT LOADED - section not in register"
"VEG_PLG007","PLG","7.69","7.71","","","161","HEAVY","1 LARGE TREE","NOT LOADED - section not in register"
"VEG_PLG008","PLG","7.73","7.76","","","266","HEAVY","MULTIPLE LARGE TREES","NOT LOADED - section not in register"
"VEG_PLG009","PLG","7.77","7.78","","","199","HEAVY","MULTIPLE LARGE TREES","NOT LOADED - section not in register"
"VEG_PLG010","PLG","7.8","7.83","","","380","HEAVY","MULTIPLE LARGE TREES","NOT LOADED - section not in register"
"VEG_PLG011","PLG","8.6","8.61","","","22.4","LIGHT","1 SMALL TREE","NOT LOADED - section not in register"
"VEG_PLG012","PLG","15.78","15.78","","","32.5","LIGHT","1 SMALL TREE","NOT LOADED - section not in register"
"VEG_PLG013","PLG","15.82","15.82","","","32.9","LIGHT","1 SMALL TREE","NOT LOADED - section not in register"
"VEG_PLG014","PLG","15.91","15.91","","","39.4","LIGHT","1 SMALL TREE","NOT LOADED - section not in register"
"VEG_PLG015","PLG","15.96","15.96","","","28.7","LIGHT","1 SMALL TREE","NOT LOADED - section not in register"
"VEG_PLG016","PLG","15.99","16","","","20.4","LIGHT","1 SMALL TREE","NOT LOADED - section not in register"
"VEG_PLG017","PLG","16.03","16.04","","","38.9","LIGHT","1 SMALL TREE","NOT LOADED - section not in register"
"VEG_PLG018","PLG","16.09","16.09","","","42.9","LIGHT","1 SMALL TREE","NOT LOADED - section not in register"
"VEG_PLG019","PLG","16.23","16.24","","","129","HEAVY","2 LARGE TREES","NOT LOADED - section not in register"
"VEG_PLG020","PLG","16.31","16.37","","","340","HEAVY","MULTIPLE LARGE TREES","NOT LOADED - section not in register"
"VEG_PLG021","PLG","16.98","17","","","196","HEAVY","1 LARGE TREE","NOT LOADED - section not in register"
"VEG_PLG022","PLG","17.45","17.49","","","281","HEAVY","MULTIPLE LARGE & SMALL TREES","NOT LOADED - section not in register"
"VEG_PLG023","PLG","18.05","18.06","","","58","TRIM","BRANCHES HANGING OVER PIPE","NOT LOADED - section not in register"
"VEG_PLG024","PLG","23.6","23.657","","","563","HEAVY","MULTIPLE SMALL TREES","NOT LOADED - section not in register"
"VEG_PLE001","PLE","0.63","0.64","","","83","TRIM","1 LARGE TREE","NOT LOADED - section not in register"
"VEG_PLE002","PLE","1.79","1.81","","","188","HEAVY","1 LARGE TREE","NOT LOADED - section not in register"
"VEG_PLE003","PLE","1.84","1.85","","","237","HEAVY","1 LARGE TREE","NOT LOADED - section not in register"
"VEG_PLE004","PLE","2.04","2.06","","","357","HEAVY","4 LARGE TREES","NOT LOADED - section not in register"
"VEG_PLE005","PLE","2.15","2.16","","","268","HEAVY","1 LARGE TREE","NOT LOADED - section not in register"
"VEG_PLE006","PLE","2.43","2.44","","","76.5","HEAVY","1 LARGE TREE","NOT LOADED - section not in register"
"VEG_PLE007","PLE","2.46","2.46","","","22","LIGHT","1 SMALL TREE","NOT LOADED - section not in register"
"VEG_PLE008","PLE","4.97","4.98","","","241","HEAVY","2 LARGE TREES","NOT LOADED - section not in register"
"VEG_PLE009","PLE","4.98","5.01","","","306","HEAVY","3 LARGE TREES","NOT LOADED - section not in register"
"VEG_PLE010","PLE","5.03","5.04","","","140","HEAVY","1 LARGE TREE","NOT LOADED - section not in register"
"VEG_PLE011","PLE","5.08","5.09","","","182","HEAVY","1 LARGE TREE","NOT LOADED - section not in register"
"VEG_PLE012","PLE","5.13","5.13","","","60","HEAVY","1 LARGE TREE","NOT LOADED - section not in register"
"VEG_PLE013","PLE","5.14","5.18","","","322","HEAVY","MULTIPLE LARGE TREES","NOT LOADED - section not in register"
"VEG_PLE014","PLE","5.21","5.23","","","150","HEAVY","2 LARGE TREES","NOT LOADED - section not in register"
"VEG_PLE015","PLE","5.25","5.26","","","131","HEAVY","2 LARGE TREES","NOT LOADED - section not in register"
"VEG_PLE016","PLE","5.38","5.39","","","149","HEAVY","1 LARGE TREE","NOT LOADED - section not in register"
"VEG_PLE017","PLE","5.4","5.56","","","1793","HEAVY","MULTIPLE LARGE TREES","NOT LOADED - section not in register"
"VEG_PLE018","PLE","5.57","5.73","","","1341","HEAVY","MULTIPLE LARGE TREES","NOT LOADED - section not in register"
"VEG_PLE019","PLE","5.82","5.84","","","188","HEAVY","1 LARGE TREE","NOT LOADED - section not in register"
"VEG_PLE020","PLE","6.08","6.09","","","101","HEAVY","1 LARGE TREE","NOT LOADED - section not in register"
"VEG_PLE021","PLE","6.56","6.57","","","212","HEAVY","1 LARGE TREE","NOT LOADED - section not in register"
"VEG_PLE022","PLE","6.72","6.73","","","146","HEAVY","1 LARGE TREE","NOT LOADED - section not in register"
"VEG_PLE023","PLE","6.75","6.77","","","223","HEAVY","1 LARGE TREE","NOT LOADED - section not in register"
"VEG_PLE024","PLE","6.78","6.81","","","279","HEAVY","4 LARGE TREES","NOT LOADED - section not in register"
"VEG_PLE025","PLE","6.85","6.88","","","375","HEAVY","MULTIPLE LARGE TREES","NOT LOADED - section not in register"
"VEG_PLE026","PLE","6.91","6.93","","","299","HEAVY","MULTIPLE LARGE TREES","NOT LOADED - section not in register"
"VEG_PLE027","PLE","7.89","7.31","","","119","HEAVY","1 LARGE TREE","NOT LOADED - section not in register"
"VEG_PLE028","PLE","8.12","8.13","","","19.3","LIGHT","1 SMALL TREE","NOT LOADED - section not in register"
"VEG_PLE029","PLE","8.2","8.22","","","125","HEAVY","1 LARGE TREE","NOT LOADED - section not in register"
"VEG_PLE030","PLE","8.45","8.47","","","159","HEAVY","3 LARGE TREES","NOT LOADED - section not in register"
"VEG_PLE031","PLE","8.82","8.83","","","136","HEAVY","1 LARGE TREE","NOT LOADED - section not in register"
"VEG_PLE032","PLE","8.87","8.88","","","90.4","HEAVY","1 LARGE TREE","NOT LOADED - section not in register"
"VEG_PEL001","PEL","0.15","0.18","","","97.1","TRIM","1 LARGE TREE","NOT LOADED - section not in register"
"VEG_PEL002","PEL","0.36","0.42","","","1081","HEAVY","3 LARGE TREES","NOT LOADED - section not in register"
"VEG_PEL003","PEL","4.58","4.59","","","208","HEAVY","1 LARGE TREE","NOT LOADED - section not in register"
"VEG_PEL004","PEL","4.87","4.91","","","288","HEAVY","2 LARGE TREES","NOT LOADED - section not in register"
"VEG_PEL005","PEL","5.71","5.74","","","195","TRIM","3 LARGE TREES","NOT LOADED - section not in register"
"VEG_PEL006","PEL","8.38","8.4","","","228","HEAVY","1 LARGE TREE","NOT LOADED - section not in register"
"VEG_PEL007","PEL","8.49","8.52","","","171","HEAVY","1 LARGE TREE","NOT LOADED - section not in register"
"VEG_PEL008","PEL","8.53","8.55","","","167","TRIM","3 LARGE TREES","NOT LOADED - section not in register"
"VEG_PEL009","PEL","8.58","8.59","","","142","HEAVY","1 LARGE TREE, 1 SMALL TREE","NOT LOADED - section not in register"
"VEG_PEL010","PEL","8.67","8.73","","","308","TRIM","2 LARGE TREES","NOT LOADED - section not in register"
"VEG_PEL011","PEL","8.75","8.77","","","75.9","TRIM","1 LARGE TREE","NOT LOADED - section not in register"
"VEG_PEL012","PEL","9.91","9.95","","","466","TRIM","3 LARGE TREES","NOT LOADED - section not in register"
"VEG_PEL013","PEL","9.96","10","","","259","TRIM","2 LARGE TREES","NOT LOADED - section not in register"
"VEG_PEL014","PEL","10.1","10.4","","","234","TRIM","2 LARGE TREES","NOT LOADED - section not in register"
"VEG_PEL015","PEL","13.15","13.16","","","253","HEAVY","2 LARGE TREES","NOT LOADED - section not in register"
"VEG_PEL016","PEL","13.2","13.21","","","36.6","TRIM","1 LARGE TREE","NOT LOADED - section not in register"
"VEG_PEL017","PEL","13.61","13.62","","","116","HEAVY","1 LARGE TREE","NOT LOADED - section not in register"
"VEG_PEL018","PEL","13.98","14","","","118","HEAVY","1 LARGE TREE","NOT LOADED - section not in register"
"VEG_PEL019","PEL","14.07","14.08","","","135","HEAVY","1 LARGE TREE","NOT LOADED - section not in register"
"VEG_PEL020","PEL","14.16","14.18","","","130","HEAVY","1 LARGE TREE","NOT LOADED - section not in register"
"VEG_PEL021","PEL","14.19","14.23","","","186","HEAVY","3 LARGE TREES","NOT LOADED - section not in register"
"VEG_PEL022","PEL","14.26","14.27","","","81","HEAVY","1 LARGE TREE","NOT LOADED - section not in register"
"VEG_PEL023","PEL","17.09","17.11","","","124","TRIM","2 LARGE TREES","NOT LOADED - section not in register"
"VEG_PEL024","PEL","17.13","17.15","","","152","HEAVY","2 LARGE TREES","NOT LOADED - section not in register"
"VEG_PEL025","PEL","17.17","17.19","","","153","HEAVY","2 LARGE TREES","NOT LOADED - section not in register"
"VEG_PEL026","PEL","18.14","18.16","","","91","TRIM","2 LARGE TREES","NOT LOADED - section not in register"
"VEG_PEL027","PEL","18.5","18.2","","","101","HEAVY","2 LARGE TREES","NOT LOADED - section not in register"
"VEG_PEL028","PEL","18.59","18.64","","","177","TRIM","3 LARGE TREES","NOT LOADED - section not in register"
"VEG_PEL029","PEL","19.97","19.98","","","91.5","HEAVY","2 LARGE TREES","NOT LOADED - section not in register"
"VEG_PEL030","PEL","21.22","21.27","","","461","TRIM","5 LARGE TREES","NOT LOADED - section not in register"
"VEG_PEL031","PEL","21.28","21.51","","","2380","HEAVY","MULTIPLE LARGE TREES","NOT LOADED - section not in register"
"VEG_PEL032","PEL","21.65","21.68","","","430","HEAVY","MULTIPLE LARGE TREES","NOT LOADED - section not in register"
"VEG_PEL033","PEL","21.86","21.89","","","229","HEAVY","1 LARGE TREE","NOT LOADED - section not in register"
"VEG_PEL034","PEL","21.92","21.93","","","132","HEAVY","1 LARGE TREE","NOT LOADED - section not in register"
"VEG_PEL035","PEL","22.25","22.28","","","188","HEAVY","1 LARGE TREE","NOT LOADED - section not in register"
"VEG_PEL036","PEL","22.29","22.31","","","85.7","HEAVY","1 LARGE TREE","NOT LOADED - section not in register"
"VEG_PEL037","PEL","22.34","22.36","","","375","HEAVY","1 LARGE TREE","NOT LOADED - section not in register"
"VEG_PEL038","PEL","22.37","22.39","","","119","HEAVY","1 LARGE TREE","NOT LOADED - section not in register"
"VEG_PEL039","PEL","22.58","22.59","","","149","HEAVY","1 LARGE TREE","NOT LOADED - section not in register"
"VEG_PEL040","PEL","22.86","22.88","","","329","HEAVY","2 LARGE TREES","NOT LOADED - section not in register"
"VEG_PEL041","PEL","22.9","22.91","","","180","HEAVY","1 SMALL TREE","NOT LOADED - section not in register"
"VEG_PEL042","PEL","22.97","23","","","501","HEAVY","1 LARGE TREE & 1 SMALL TREE","NOT LOADED - section not in register"
"VEG_PEL043","PEL","23.18","23.2","","","117","LIGHT","1 SMALL TREE","NOT LOADED - section not in register"
"VEG_PEL044","PEL","23.23","23.24","","","63.8","LIGHT","1 SMALL TREE","NOT LOADED - section not in register"
"VEG_PEL045","PEL","23.26","23.29","","","614","HEAVY","2 LARGE TREES","NOT LOADED - section not in register"
"VEG_PEL046","PEL","23.32","23.33","","","120","TRIM","1 LARGE TREE","NOT LOADED - section not in register"
"VEG_PEL047","PEL","23.54","23.55","","","336","HEAVY","1 LARGE TREE","NOT LOADED - section not in register"
"VEG_PEL048","PEL","23.6","23.62","","","603","HEAVY","2 LARGE TREE & 1 SMALL TREE","NOT LOADED - section not in register"
"VEG_PEL049","PEL","23.65","23.67","","","473","HEAVY","1 LARGE TREE","NOT LOADED - section not in register"
"VEG_PEL050","PEL","23.73","23.82","","","2062","HEAVY","MULTIPLE LARGE TREES","NOT LOADED - section not in register"
"VEG_PEL051","PEL","23.87","23.87","","","33.6","LIGHT","1 SMALL TREE","NOT LOADED - section not in register"
"VEG_PEL052","PEL","23.9","23.91","","","173","HEAVY","1 LARGE TREE","NOT LOADED - section not in register"
"VEG_PEL053","PEL","23.96","23.98","","","304","HEAVY","1 LARGE TREE","NOT LOADED - section not in register"
"VEG_PEL054","PEL","24.01","24.02","","","162","HEAVY","1 LARGE TREE","NOT LOADED - section not in register"
"VEG_PEL055","PEL","24.08","24.09","","","102","HEAVY","1 LARGE TREE","NOT LOADED - section not in register"
"VEG_PEL056","PEL","24.14","24.15","","","294","HEAVY","1 LARGE TREE","NOT LOADED - section not in register"
"VEG_PEL057","PEL","24.31","24.32","","","84","HEAVY","1 LARGE TREE","NOT LOADED - section not in register"
"VEG_PEL058","PEL","24.33","24.34","","","393","HEAVY","1 LARGE TREE","NOT LOADED - section not in register"
"VEG_PEL059","PEL","24.4","24.41","","","85","HEAVY","1 LARGE TREE","NOT LOADED - section not in register"
"VEG_PEL060","PEL","24.48","24.49","","","108","HEAVY","1 LARGE TREE","NOT LOADED - section not in register"
"VEG_PEL061","PEL","24.61","24.62","","","27","LIGHT","1 SMALL TREE","NOT LOADED - section not in register"
"VEG_PEL062","PEL","24.64","24.64","","","18.2","LIGHT","1 SMALL TREE","NOT LOADED - section not in register"
"VEG_PEL063","PEL","24.73","24.758","","","527","HEAVY","2 LARGE TREES","NOT LOADED - section not in register"
"VEG_PAE001","PAE","7.25","7.26","","","42.5","TRIM","1 LARGE TREE","NOT LOADED - section not in register"
"VEG_PAE002","PAE","7.17","7.2","","","286","HEAVY","3 LARGE TREES","NOT LOADED - section not in register"
"VEG_PAE003","PAE","7.13","7.14","","","90.8","HEAVY","1 LARGE TREE","NOT LOADED - section not in register"
"VEG_PAE004","PAE","7.09","7.1","","","85.3","HEAVY","2 LARGE TREES","NOT LOADED - section not in register"
"VEG_PAE005","PAE","6.94","6.95","","","98.8","HEAVY","1 LARGE TREE","NOT LOADED - section not in register"
"VEG_PAE006","PAE","6.75","6.75","","","13.2","LIGHT","1 SMALL TREE","NOT LOADED - section not in register"
"VEG_PAE007","PAE","1.35","1.36","","","34.7","TRIM","2 LARGE TREES","NOT LOADED - section not in register"
"VEG_PAE008","PAE","1.2","1.21","","","17.8","TRIM","1 LARGE TREE","NOT LOADED - section not in register"
"VEG_PAE009","PAE","0.6","0.61","","","39.3","TRIM","1 LARGE TREE","NOT LOADED - section not in register"
