"Located","C&G","TRENCH","Surveyors PtNo","E","N","Z","Survey Code","Actual Chainage","Drawing (START)","Drawing (END)","KP (START)","KP (END)","Trench Type","Total Length Sections (m)","Pipeline Section","Utility Description","Operator","Location","Material","Size (mm)","ID","Proven to Underside of Service","Test Point","C&G Code","Trench Code","Proposed Crossing Method","Parallel or Crossed","Design Drawing","DBYD SEQ","Separation (m) (Minimum 600mm clearance to underside of asse","Asset DOC (m)","Pipeline DOC (m)","Depth to Underside of Asset (m)","Crossover","Within","Permit to Excavate Near Assets Required?","Permit/Notification Date","Crossing Permit Required?","Permit/Notification Date (2)","Comments","Trench Type (2)","PWG","PHW","Total (m)","No of Sections","Source Row"
"","","","","","","","","","D-DWG-PHW-001.2","D-DWG-PHW-001.2","0","327.039","1A","327.039","PHW","","","","","","","","","","","","","","","","","","","","","","","","","","1A","25128.364","16838.593","41966.957","85","6"
"","","","","","","","","","D-DWG-PHW-001.2","D-DWG-PHW-001.2","327.039","404.862","8A","77.823","PHW","","","","","","","","","","","","","","","","","","","","","","","","","","1B/1C","134.447","58.1290000000008","192.576000000001","6","7"
"","","","","","","","","","D-DWG-PHW-001.2","D-DWG-PHW-001.2","404.862","426.39","4","21.528","PHW","","","","","","","","","","","","","","","","","","","","","","","","","","1A/1B/1C","94.0459999999996","143.795","237.841","7","8"
"","","","","","","","","","D-DWG-PHW-001.2","D-DWG-PHW-002.2","426.39","878.592","1A","452.202","PHW","","","","","","","","","","","","","","","","","","","","","","","","","","2","15","25.7540000000008","40.7540000000008","4","9"
"","","","","","","","","","D-DWG-PHW-002.2","D-DWG-PHW-002.2","878.592","886.749","4","8.15700000000004","PHW","","","","","","","","","","","","","","","","","","","","","","","","","","4","432.844","683.232999999997","1116.077","41","10"
"","","","","","","","","","D-DWG-PHW-002.2","D-DWG-PHW-002.2","886.749","955.896","7","69.1469999999999","PHW","","","","","","","","","","","","","","","","","","","","","","","","","","4&6","60.7420000000002","0","60.7420000000002","2","11"
"","","","","","","","","","D-DWG-PHW-002.2","D-DWG-PHW-002.2","955.896","960.896","4&7","5","PHW","","","","","","","","","","","","","","","","","","","","","","","","","","4&7","18.4659999999999","28.9100000000001","47.376","4","12"
"","","","","","","","","","D-DWG-PHW-002.2","D-DWG-PHW-002.2","960.896","1092.896","7","132","PHW","","","","","","","","","","","","","","","","","","","","","","","","","","5","387.401999999997","532.124","919.525999999997","16","13"
"","","","","","","","","","D-DWG-PHW-002.2","D-DWG-PHW-002.2","1092.896","1116.806","4&7","23.9100000000001","PHW","","","","","","","","","","","","","","","","","","","","","","","","","","6","91.3470000000025","83.2899999999981","174.637000000001","8","14"
"","","","","","","","","","D-DWG-PHW-002.2","D-DWG-PHW-002.2","1116.806","1135.078","7","18.2719999999999","PHW","","","","","","","","","","","","","","","","","","","","","","","","","","7","291.939","247.066999999998","539.005999999998","15","15"
"","","","","","","","","","D-DWG-PHW-002.2","D-DWG-PHW-002.2","1135.078","1142.896","1A","7.81799999999998","PHW","","","","","","","","","","","","","","","","","","","","","","","","","","8A","357.867999999996","515.844000000001","873.711999999997","19","16"
"","","","","","","","","","D-DWG-PHW-002.2","D-DWG-PHW-002.2","1142.896","1182.245","4","39.3489999999999","PHW","","","","","","","","","","","","","","","","","","","","","","","","","","Total","27012.465","19156.739","46169.204","207","17"
"","","","","","","","","","D-DWG-PHW-002.2","D-DWG-PHW-002.2","1182.245","1217.093","1A","34.8480000000002","PHW","","","","","","","","","","","","","","","","","","","","","","","","","","Check: register total","","","46169.204","207","18"
"","","","","","","","","","D-DWG-PHW-002.2","D-DWG-PHW-002.2","1217.093","1232.924","4","15.8309999999999","PHW","","","","","","","","","","","","","","","","","","","","","","","","","","","","","","","19"
"","","","","","","","","","D-DWG-PHW-002.2","D-DWG-PHW-002.2","1232.924","1255.696","8A","22.7719999999999","PHW","","","","","","","","","","","","","","","","","","","","","","","","","","","","","","","20"
"","","","","","","","","","D-DWG-PHW-002.2","D-DWG-PHW-003.2","1255.696","1733.958","1A","478.262","PHW","","","","","","","","","","","","","","","","","","","","","","","","","","","","","","","21"
"","","","","","","","","","D-DWG-PHW-003.2","D-DWG-PHW-003.2","1733.958","1787.137","5","53.1789999999999","PHW","","","","","","","","","","","","","","","","","","","","","","","","","","","","","","","22"
"","","","","","","","","","D-DWG-PHW-003.2","D-DWG-PHW-003.2","1787.137","2036.932","1A","249.795","PHW","","","","","","","","","","","","","","","","","","","","","","","","","","","","","","","23"
"","","","","","","","","","D-DWG-PHW-003.2","D-DWG-PHW-003.2","2036.932","2038.507","4","1.57500000000005","PHW","","","","","","","","","","","","","","","","","","","","","","","","","","","","","","","24"
"","","","","","","","","","D-DWG-PHW-003.2","D-DWG-PHW-004.2","2038.507","2110.24","8A","71.7329999999997","PHW","","","","","","","","","","","","","","","","","","","","","","","","","","","","","","","25"
"","","","","","","","","","D-DWG-PHW-004.2","D-DWG-PHW-004.2","2110.24","2122.834","4","12.5940000000001","PHW","","","","","","","","","","","","","","","","","","","","","","","","","","","","","","","26"
"","","","","","","","","","D-DWG-PHW-004.2","D-DWG-PHW-004.2","2122.834","2468.34","1A","345.506","PHW","","","","","","","","","","","","","","","","","","","","","","","","","","","","","","","27"
"","","","","","","","","","D-DWG-PHW-004.2","D-DWG-PHW-004.2","2468.34","2500.706","4","32.366","PHW","","","","","","","","","","","","","","","","","","","","","","","","","","","","","","","28"
"","","","","","","","","","D-DWG-PHW-004.2","D-DWG-PHW-004.2","2500.706","2791.911","1A","291.205","PHW","","","","","","","","","","","","","","","","","","","","","","","","","","","","","","","29"
"","","","","","","","","","D-DWG-PHW-004.2","D-DWG-PHW-005.2","2791.911","2813.28","4","21.3690000000001","PHW","","","","","","","","","","","","","","","","","","","","","","","","","","","","","","","30"
"","","","","","","","","","D-DWG-PHW-005.2","D-DWG-PHW-005.2","2813.28","2846.195","1A","32.915","PHW","","","","","","","","","","","","","","","","","","","","","","","","","","","","","","","31"
"","","","","","","","","","D-DWG-PHW-005.2","D-DWG-PHW-005.2","2846.195","2881.928","4","35.7329999999997","PHW","","","","","","","","","","","","","","","","","","","","","","","","","","","","","","","32"
"","","","","","","","","","D-DWG-PHW-005.2","D-DWG-PHW-006.2","2881.928","3534.937","1A","653.009","PHW","","","","","","","","","","","","","","","","","","","","","","","","","","","","","","","33"
"","","","","","","","","","D-DWG-PHW-006.2","D-DWG-PHW-006.2","3534.937","3547.077","4","12.1400000000003","PHW","","","","","","","","","","","","","","","","","","","","","","","","","","","","","","","34"
"","","","","","","","","","D-DWG-PHW-006.2","D-DWG-PHW-007.2","3547.077","4416.742","1A","869.665","PHW","","","","","","","","","","","","","","","","","","","","","","","","","","","","","","","35"
"","","","","","","","","","D-DWG-PHW-007.2","D-DWG-PHW-007.2","4416.742","4455.042","8A","38.3000000000002","PHW","","","","","","","","","","","","","","","","","","","","","","","","","","","","","","","36"
"","","","","","","","","","D-DWG-PHW-007.2","D-DWG-PHW-007.2","4455.042","4534.979","4","79.9369999999999","PHW","","","","","","","","","","","","","","","","","","","","","","","","","","","","","","","37"
"","","","","","","","","","D-DWG-PHW-007.2","D-DWG-PHW-007.2","4534.979","4663.144","1A","128.165","PHW","","","","","","","","","","","","","","","","","","","","","","","","","","","","","","","38"
"","","","","","","","","","D-DWG-PHW-007.2","D-DWG-PHW-007.2","4663.144","4695.751","5","32.607","PHW","","","","","","","","","","","","","","","","","","","","","","","","","","","","","","","39"
"","","","","","","","","","D-DWG-PHW-007.2","D-DWG-PHW-007.2","4695.751","4712.804","2","17.0529999999999","PHW","","","","","","","","","","","","","","","","","","","","","","","","","","","","","","","40"
"","","","","","","","","","D-DWG-PHW-007.2","D-DWG-PHW-007.2","4712.804","4758.731","1A/1B/1C","45.9269999999997","PHW","","","","","","","","","","","","","","","","","","","","","","","","","","","","","","","41"
"","","","","","","","","","D-DWG-PHW-007.2","D-DWG-PHW-009.2","4758.731","5731.564","1A","972.833000000001","PHW","","","","","","","","","","","","","","","","","","","","","","","","","","","","","","","42"
"","","","","","","","","","D-DWG-PHW-009.2","D-DWG-PHW-009.2","5731.564","5754.45","4","22.8859999999995","PHW","","","","","","","","","","","","","","","","","","","","","","","","","","","","","","","43"
"","","","","","","","","","D-DWG-PHW-009.2","D-DWG-PHW-009.2","5754.45","6114.476","1A","360.026","PHW","","","","","","","","","","","","","","","","","","","","","","","","","","","","","","","44"
"","","","","","","","","","D-DWG-PHW-009.2","D-DWG-PHW-009.2","6114.476","6160.84","4","46.3640000000005","PHW","","","","","","","","","","","","","","","","","","","","","","","","","","","","","","","45"
"","","","","","","","","","D-DWG-PHW-009.2","D-DWG-PHW-010.2","6160.84","6368.309","1A","207.469","PHW","","","","","","","","","","","","","","","","","","","","","","","","","","","","","","","46"
"","","","","","","","","","D-DWG-PHW-010.2","D-DWG-PHW-010.2","6368.309","6392.653","6","24.3440000000001","PHW","","","","","","","","","","","","","","","","","","","","","","","","","","","","","","","47"
"","","","","","","","","","D-DWG-PHW-010.2","D-DWG-PHW-010.2","6392.653","6481.011","1A","88.3580000000002","PHW","","","","","","","","","","","","","","","","","","","","","","","","","","","","","","","48"
"","","","","","","","","","D-DWG-PHW-010.2","D-DWG-PHW-010.2","6481.011","6506.275","4","25.2639999999992","PHW","","","","","","","","","","","","","","","","","","","","","","","","","","","","","","","49"
"","","","","","","","","","D-DWG-PHW-010.2","D-DWG-PHW-010.2","6506.275","6772.73","1A","266.455","PHW","","","","","","","","","","","","","","","","","","","","","","","","","","","","","","","50"
"","","","","","","","","","D-DWG-PHW-010.2","D-DWG-PHW-010.2","6772.73","6792.875","5","20.1450000000004","PHW","","","","","","","","","","","","","","","","","","","","","","","","","","","","","","","51"
"","","","","","","","","","D-DWG-PHW-010.2","D-DWG-PHW-010.2","6792.875","6886.695","1A","93.8199999999997","PHW","","","","","","","","","","","","","","","","","","","","","","","","","","","","","","","52"
"","","","","","","","","","D-DWG-PHW-010.2","D-DWG-PHW-010.2","6886.695","6934.724","5","48.0290000000005","PHW","","","","","","","","","","","","","","","","","","","","","","","","","","","","","","","53"
"","","","","","","","","","D-DWG-PHW-010.2","D-DWG-PHW-010.2","6934.724","6980.09","1A","45.366","PHW","","","","","","","","","","","","","","","","","","","","","","","","","","","","","","","54"
"","","","","","","","","","D-DWG-PHW-010.2","D-DWG-PHW-011.2","6980.09","7035.325","8A","55.2349999999997","PHW","","","","","","","","","","","","","","","","","","","","","","","","","","","","","","","55"
"","","","","","","","","","D-DWG-PHW-011.2","D-DWG-PHW-011.2","7035.325","7046.827","4","11.5020000000004","PHW","","","","","","","","","","","","","","","","","","","","","","","","","","","","","","","56"
"","","","","","","","","","D-DWG-PHW-011.2","D-DWG-PHW-012.2","7046.827","7819.18","1A","772.353","PHW","","","","","","","","","","","","","","","","","","","","","","","","","","","","","","","57"
"","","","","","","","","","D-DWG-PHW-012.2","D-DWG-PHW-012.2","7819.18","7833.422","7","14.2419999999993","PHW","","","","","","","","","","","","","","","","","","","","","","","","","","","","","","","58"
"","","","","","","","","","D-DWG-PHW-012.2","D-DWG-PHW-012.2","7833.422","8192.409","1A","358.987","PHW","","","","","","","","","","","","","","","","","","","","","","","","","","","","","","","59"
"","","","","","","","","","D-DWG-PHW-012.2","D-DWG-PHW-012.2","8192.409","8250.538","1B/1C","58.1290000000008","PHW","","","","","","","","","","","","","","","","","","","","","","","","","","","","","","","60"
"","","","","","","","","","D-DWG-PHW-012.2","D-DWG-PHW-013.2","8250.538","9069.736","1A","819.198","PHW","","","","","","","","","","","","","","","","","","","","","","","","","","","","","","","61"
"","","","","","","","","","D-DWG-PHW-013.2","D-DWG-PHW-013.2","9069.736","9078.356","4","8.61999999999898","PHW","","","","","","","","","","","","","","","","","","","","","","","","","","","","","","","62"
"","","","","","","","","","D-DWG-PHW-013.2","D-DWG-PHW-013.2","9078.356","9087.51","1A","9.15400000000045","PHW","","","","","","","","","","","","","","","","","","","","","","","","","","","","","","","63"
"","","","","","","","","","D-DWG-PHW-013.2","D-DWG-PHW-014.2","9087.51","9105.7","4","18.1900000000005","PHW","","","","","","","","","","","","","","","","","","","","","","","","","","","","","","","64"
"","","","","","","","","","D-DWG-PHW-014.2","D-DWG-PHW-014.2","9105.7","9330.84","1A","225.139999999999","PHW","","","","","","","","","","","","","","","","","","","","","","","","","","","","","","","65"
"","","","","","","","","","D-DWG-PHW-014.2","D-DWG-PHW-014.2","9330.84","9333.706","2","2.86599999999999","PHW","","","","","","","","","","","","","","","","","","","","","","","","","","","","","","","66"
"","","","","","","","","","D-DWG-PHW-014.2","D-DWG-PHW-014.2","9333.706","9341.679","1A/1B/1C","7.97299999999996","PHW","","","","","","","","","","","","","","","","","","","","","","","","","","","","","","","67"
"","","","","","","","","","D-DWG-PHW-014.2","D-DWG-PHW-014.2","9341.679","9431.212","1A","89.5329999999995","PHW","","","","","","","","","","","","","","","","","","","","","","","","","","","","","","","68"
"","","","","","","","","","D-DWG-PHW-014.2","D-DWG-PHW-014.2","9431.212","9437.047","2","5.83500000000095","PHW","","","","","","","","","","","","","","","","","","","","","","","","","","","","","","","69"
"","","","","","","","","","D-DWG-PHW-014.2","D-DWG-PHW-014.2","9437.047","9446.253","1A/1B/1C","9.20600000000013","PHW","","","","","","","","","","","","","","","","","","","","","","","","","","","","","","","70"
"","","","","","","","","","D-DWG-PHW-014.2","D-DWG-PHW-015.2","9446.253","10080.68","1A","634.427","PHW","","","","","","","","","","","","","","","","","","","","","","","","","","","","","","","71"
"","","","","","","","","","D-DWG-PHW-015.2","D-DWG-PHW-015.2","10080.68","10101.635","5","20.9549999999999","PHW","","","","","","","","","","","","","","","","","","","","","","","","","","","","","","","72"
"","","","","","","","","","D-DWG-PHW-015.2","D-DWG-PHW-015.2","10101.635","10347.95","1A","246.315000000001","PHW","","","","","","","","","","","","","","","","","","","","","","","","","","","","","","","73"
"","","","","","","","","","D-DWG-PHW-015.2","D-DWG-PHW-015.2","10347.95","10367.669","6","19.7189999999991","PHW","","","","","","","","","","","","","","","","","","","","","","","","","","","","","","","74"
"","","","","","","","","","D-DWG-PHW-015.2","D-DWG-PHW-016.2","10367.669","10531.389","1A","163.719999999999","PHW","","","","","","","","","","","","","","","","","","","","","","","","","","","","","","","75"
"","","","","","","","","","D-DWG-PHW-016.2","D-DWG-PHW-016.2","10531.389","10582.353","4","50.9639999999999","PHW","","","","","","","","","","","","","","","","","","","","","","","","","","","","","","","76"
"","","","","","","","","","D-DWG-PHW-016.2","D-DWG-PHW-016.2","10582.353","10645.383","8A","63.0300000000007","PHW","","","","","","","","","","","","","","","","","","","","","","","","","","","","","","","77"
"","","","","","","","","","D-DWG-PHW-016.2","D-DWG-PHW-016.2","10645.383","10684.369","4","38.9860000000008","PHW","","","","","","","","","","","","","","","","","","","","","","","","","","","","","","","78"
"","","","","","","","","","D-DWG-PHW-016.2","D-DWG-PHW-016.2","10684.369","11171.188","1A","486.819","PHW","","","","","","","","","","","","","","","","","","","","","","","","","","","","","","","79"
"","","","","","","","","","D-DWG-PHW-016.2","D-DWG-PHW-016.2","11171.188","11191.258","6","20.0699999999997","PHW","","","","","","","","","","","","","","","","","","","","","","","","","","","","","","","80"
"","","","","","","","","","D-DWG-PHW-016.2","D-DWG-PHW-017.2","11191.258","11382.203","1A","190.945","PHW","","","","","","","","","","","","","","","","","","","","","","","","","","","","","","","81"
"","","","","","","","","","D-DWG-PHW-017.2","D-DWG-PHW-017.2","11382.203","11427.143","4","44.9400000000005","PHW","","","","","","","","","","","","","","","","","","","","","","","","","","","","","","","82"
"","","","","","","","","","D-DWG-PHW-017.2","D-DWG-PHW-017.2","11427.143","11509.11","8A","81.9670000000006","PHW","","","","","","","","","","","","","","","","","","","","","","","","","","","","","","","83"
"","","","","","","","","","D-DWG-PHW-017.2","D-DWG-PHW-017.2","11509.11","11589.46","5","80.3499999999985","PHW","","","","","","","","","","","","","","","","","","","","","","","","","","","","","","","84"
"","","","","","","","","","D-DWG-PHW-017.2","D-DWG-PHW-017.2","11589.46","11596.46","1A","7","PHW","","","","","","","","","","","","","","","","","","","","","","","","","","","","","","","85"
"","","","","","","","","","D-DWG-PHW-017.2","D-DWG-PHW-017.2","11596.46","11750.532","5","154.072","PHW","","","","","","","","","","","","","","","","","","","","","","","","","","","","","","","86"
"","","","","","","","","","D-DWG-PHW-017.2","D-DWG-PHW-018.2","11750.532","12441.199","1A","690.667000000001","PHW","","","","","","","","","","","","","","","","","","","","","","","","","","","","","","","87"
"","","","","","","","","","D-DWG-PHW-018.2","D-DWG-PHW-018.2","12441.199","12457.644","4","16.4449999999997","PHW","","","","","","","","","","","","","","","","","","","","","","","","","","","","","","","88"
"","","","","","","","","","D-DWG-PHW-018.2","D-DWG-PHW-018.2","12457.644","12471.05","7","13.405999999999","PHW","","","","","","","","","","","","","","","","","","","","","","","","","","","","","","","89"
"","","","","","","","","","D-DWG-PHW-018.2","D-DWG-PHW-019.2","12471.05","13274.77","1A","803.720000000001","PHW","","","","","","","","","","","","","","","","","","","","","","","","","","","","","","","90"
"","","","","","","","","","D-DWG-PHW-019.2","D-DWG-PHW-020.2","13274.77","13346.374","8A","71.6039999999994","PHW","","","","","","","","","","","","","","","","","","","","","","","","","","","","","","","91"
"","","","","","","","","","D-DWG-PHW-020.2","D-DWG-PHW-022.2","13346.374","14778.123","1A","1431.749","PHW","","","","","","","","","","","","","","","","","","","","","","","","","","","","","","","92"
"","","","","","","","","","D-DWG-PHW-022.2","D-DWG-PHW-022.2","14778.123","14806.133","4","28.0100000000002","PHW","","","","","","","","","","","","","","","","","","","","","","","","","","","","","","","93"
"","","","","","","","","","D-DWG-PHW-022.2","D-DWG-PHW-022.2","14806.133","14839.513","8A","33.380000000001","PHW","","","","","","","","","","","","","","","","","","","","","","","","","","","","","","","94"
"","","","","","","","","","D-DWG-PHW-022.2","D-DWG-PHW-023.2","14839.513","15743.419","1A","903.905999999999","PHW","","","","","","","","","","","","","","","","","","","","","","","","","","","","","","","95"
"","","","","","","","","","D-DWG-PHW-023.2","D-DWG-PHW-023.2","15743.419","15762.576","6","19.1569999999992","PHW","","","","","","","","","","","","","","","","","","","","","","","","","","","","","","","96"
"","","","","","","","","","D-DWG-PHW-023.2","D-DWG-PHW-024.2","15762.576","16145.329","1A","382.753000000001","PHW","","","","","","","","","","","","","","","","","","","","","","","","","","","","","","","97"
"","","","","","","","","","D-DWG-PHW-024.2","D-DWG-PHW-024.2","16145.329","16226.018","1A/1B/1C","80.6890000000003","PHW","","","","","","","","","","","","","","","","","","","","","","","","","","","","","","","98"
"","","","","","","","","","D-DWG-PHW-024.2","D-DWG-PHW-025.2","16226.018","16956.128","1A","730.110000000001","PHW","","","","","","","","","","","","","","","","","","","","","","","","","","","","","","","99"
"","","","","","","","","","D-DWG-PHW-025.2","D-DWG-PHW-025.2","16956.128","17043.684","5","87.5560000000005","PHW","","","","","","","","","","","","","","","","","","","","","","","","","","","","","","","100"
"","","","","","","","","","D-DWG-PHW-025.2","D-DWG-PHW-026.2","17043.684","17910.948","1A","867.263999999999","PHW","","","","","","","","","","","","","","","","","","","","","","","","","","","","","","","101"
"","","","","","","","","","D-DWG-PHW-026.2","D-DWG-PHW-026.2","17910.948","17996.139","4","85.1909999999989","PHW","","","","","","","","","","","","","","","","","","","","","","","","","","","","","","","102"
"","","","","","","","","","D-DWG-PHW-026.2","D-DWG-PHW-026.2","17996.139","18075.205","1A","79.0660000000025","PHW","","","","","","","","","","","","","","","","","","","","","","","","","","","","","","","103"
"","","","","","","","","","D-DWG-PHW-026.2","D-DWG-PHW-026.2","18075.205","18080.497","4","5.29199999999764","PHW","","","","","","","","","","","","","","","","","","","","","","","","","","","","","","","104"
"","","","","","","","","","D-DWG-PHW-026.2","D-DWG-PHW-028.2","18080.497","19120.154","1A","1039.657","PHW","","","","","","","","","","","","","","","","","","","","","","","","","","","","","","","105"
"","","","","","","","","","D-DWG-PHW-028.2","D-DWG-PHW-028.2","19120.154","19155.385","5","35.2309999999998","PHW","","","","","","","","","","","","","","","","","","","","","","","","","","","","","","","106"
"","","","","","","","","","D-DWG-PHW-028.2","D-DWG-PHW-028.2","19155.385","19156.739","1A","1.354000000003","PHW","","","","","","","","","","","","","","","","","","","","","","","","","","","","","","","107"
"","","","","","","","","","D-DWG-PWG-001.2","D-DWG-PWG-001.2","0","3.804","1A","3.804","PWG","","","","","","","","","","","","","","","","","","","","","","","","","","","","","","","109"
"","","","","","","","","","D-DWG-PWG-001.2","D-DWG-PWG-001.2","3.804","6.229","4","2.425","PWG","","","","","","","","","","","","","","","","","","","","","","","","","","","","","","","110"
"","","","","","","","","","D-DWG-PWG-001.2","D-DWG-PWG-001.2","6.229","14.172","1A","7.943","PWG","","","","","","","","","","","","","","","","","","","","","","","","","","","","","","","111"
"","","","","","","","","","D-DWG-PWG-001.2","D-DWG-PWG-001.2","14.172","42.513","7","28.341","PWG","","","","","","","","","","","","","","","","","","","","","","","","","","","","","","","112"
"","","","","","","","","","D-DWG-PWG-001.2","D-DWG-PWG-002.2","42.513","823.6","1A","781.087","PWG","","","","","","","","","","","","","","","","","","","","","","","","","","","","","","","113"
"","","","","","","","","","D-DWG-PWG-002.2","D-DWG-PWG-002.2","823.6","889.23","5","65.63","PWG","","","","","","","","","","","","","","","","","","","","","","","","","","","","","","","114"
"","","","","","","","","","D-DWG-PWG-002.2","D-DWG-PWG-002.2","889.23","929.856","1A/1B/1C","40.626","PWG","","","","","","","","","","","","","","","","","","","","","","","","","","","","","","","115"
"","","","","","","","","","D-DWG-PWG-002.2","D-DWG-PWG-002.2","929.856","1181.379","1A","251.523","PWG","","","","","","","","","","","","","","","","","","","","","","","","","","","","","","","116"
"","","","","","","","","","D-DWG-PWG-002.2","D-DWG-PWG-002.2","1181.379","1186.379","4","5","PWG","","","","","","","","","","","","","","","","","","","","","","","","","","","","","","","117"
"","","","","","","","","","D-DWG-PWG-002.2","D-DWG-PWG-003.2","1186.379","1488.93","1A","302.551","PWG","","","","","","","","","","","","","","","","","","","","","","","","","","","","","","","118"
"","","","","","","","","","D-DWG-PWG-003.2","D-DWG-PWG-003.2","1488.93","1507.505","7","18.5750000000001","PWG","","","","","","","","","","","","","","","","","","","","","","","","","","","","","","","119"
"","","","","","","","","","D-DWG-PWG-003.2","D-DWG-PWG-003.2","1507.505","1856.862","1A","349.357","PWG","","","","","","","","","","","","","","","","","","","","","","","","","","","","","","","120"
"","","","","","","","","","D-DWG-PWG-003.2","D-DWG-PWG-003.2","1856.862","1876.481","7","19.6189999999999","PWG","","","","","","","","","","","","","","","","","","","","","","","","","","","","","","","121"
"","","","","","","","","","D-DWG-PWG-003.2","D-DWG-PWG-003.2","1876.481","1888.54","1A","12.059","PWG","","","","","","","","","","","","","","","","","","","","","","","","","","","","","","","122"
"","","","","","","","","","D-DWG-PWG-003.2","D-DWG-PWG-003.2","1888.54","1902.016","4&7","13.4760000000001","PWG","","","","","","","","","","","","","","","","","","","","","","","","","","","","","","","123"
"","","","","","","","","","D-DWG-PWG-003.2","D-DWG-PWG-003.2","1902.016","2043.24","1A","141.224","PWG","","","","","","","","","","","","","","","","","","","","","","","","","","","","","","","124"
"","","","","","","","","","D-DWG-PWG-003.2","D-DWG-PWG-003.2","2043.24","2048.591","4","5.35099999999989","PWG","","","","","","","","","","","","","","","","","","","","","","","","","","","","","","","125"
"","","","","","","","","","D-DWG-PWG-003.2","D-DWG-PWG-004.2","2048.591","2413.402","1A","364.811","PWG","","","","","","","","","","","","","","","","","","","","","","","","","","","","","","","126"
"","","","","","","","","","D-DWG-PWG-004.2","D-DWG-PWG-004.2","2413.402","2564.395","4","150.993","PWG","","","","","","","","","","","","","","","","","","","","","","","","","","","","","","","127"
"","","","","","","","","","D-DWG-PWG-004.2","D-DWG-PWG-004.2","2564.395","2592.076","4&6","27.681","PWG","","","","","","","","","","","","","","","","","","","","","","","","","","","","","","","128"
"","","","","","","","","","D-DWG-PWG-004.2","D-DWG-PWG-004.2","2592.076","2631.951","1A","39.875","PWG","","","","","","","","","","","","","","","","","","","","","","","","","","","","","","","129"
"","","","","","","","","","D-DWG-PWG-004.2","D-DWG-PWG-004.2","2631.951","2691.626","7","59.6750000000002","PWG","","","","","","","","","","","","","","","","","","","","","","","","","","","","","","","130"
"","","","","","","","","","D-DWG-PWG-004.2","D-DWG-PWG-004.2","2691.626","2739.593","6","47.9669999999996","PWG","","","","","","","","","","","","","","","","","","","","","","","","","","","","","","","131"
"","","","","","","","","","D-DWG-PWG-004.2","D-DWG-PWG-004.2","2739.593","2750.013","4","10.4200000000001","PWG","","","","","","","","","","","","","","","","","","","","","","","","","","","","","","","132"
"","","","","","","","","","D-DWG-PWG-004.2","D-DWG-PWG-004.2","2750.013","2783.074","4&6","33.0610000000002","PWG","","","","","","","","","","","","","","","","","","","","","","","","","","","","","","","133"
"","","","","","","","","","D-DWG-PWG-004.2","D-DWG-PWG-004.2","2783.074","2797.815","4","14.741","PWG","","","","","","","","","","","","","","","","","","","","","","","","","","","","","","","134"
"","","","","","","","","","D-DWG-PWG-004.2","D-DWG-PWG-005.2","2797.815","2865.366","1A","67.5509999999999","PWG","","","","","","","","","","","","","","","","","","","","","","","","","","","","","","","135"
"","","","","","","","","","D-DWG-PWG-005.2","D-DWG-PWG-005.2","2865.366","2908.821","8A","43.4549999999999","PWG","","","","","","","","","","","","","","","","","","","","","","","","","","","","","","","136"
"","","","","","","","","","D-DWG-PWG-005.2","D-DWG-PWG-005.2","2908.821","3071.909","1A","163.088","PWG","","","","","","","","","","","","","","","","","","","","","","","","","","","","","","","137"
"","","","","","","","","","D-DWG-PWG-005.2","D-DWG-PWG-005.2","3071.909","3151.909","5","80","PWG","","","","","","","","","","","","","","","","","","","","","","","","","","","","","","","138"
"","","","","","","","","","D-DWG-PWG-005.2","D-DWG-PWG-006.2","3151.909","3991.367","1A","839.458","PWG","","","","","","","","","","","","","","","","","","","","","","","","","","","","","","","139"
"","","","","","","","","","D-DWG-PWG-006.2","D-DWG-PWG-006.2","3991.367","4014.479","1A/1B/1C","23.1119999999996","PWG","","","","","","","","","","","","","","","","","","","","","","","","","","","","","","","140"
"","","","","","","","","","D-DWG-PWG-006.2","D-DWG-PWG-008.2","4014.479","5447.953","1A","1433.474","PWG","","","","","","","","","","","","","","","","","","","","","","","","","","","","","","","141"
"","","","","","","","","","D-DWG-PWG-008.2","D-DWG-PWG-008.2","5447.953","5475.997","5","28.0439999999999","PWG","","","","","","","","","","","","","","","","","","","","","","","","","","","","","","","142"
"","","","","","","","","","D-DWG-PWG-008.2","D-DWG-PWG-011.2","5475.997","7092.671","1A","1616.674","PWG","","","","","","","","","","","","","","","","","","","","","","","","","","","","","","","143"
"","","","","","","","","","D-DWG-PWG-011.2","D-DWG-PWG-011.2","7092.671","7122.979","1A/1B/1C","30.308","PWG","","","","","","","","","","","","","","","","","","","","","","","","","","","","","","","144"
"","","","","","","","","","D-DWG-PWG-011.2","D-DWG-PWG-011.2","7122.979","7146.681","1A","23.7019999999993","PWG","","","","","","","","","","","","","","","","","","","","","","","","","","","","","","","145"
"","","","","","","","","","D-DWG-PWG-011.2","D-DWG-PWG-011.2","7146.681","7174.681","4","28","PWG","","","","","","","","","","","","","","","","","","","","","","","","","","","","","","","146"
"","","","","","","","","","D-DWG-PWG-011.2","D-DWG-PWG-011.2","7174.681","7539.66","1A","364.979","PWG","","","","","","","","","","","","","","","","","","","","","","","","","","","","","","","147"
"","","","","","","","","","D-DWG-PWG-011.2","D-DWG-PWG-011.2","7539.66","7547.413","4","7.7529999999997","PWG","","","","","","","","","","","","","","","","","","","","","","","","","","","","","","","148"
"","","","","","","","","","D-DWG-PWG-011.2","D-DWG-PWG-011.2","7547.413","7579","8A","31.5870000000004","PWG","","","","","","","","","","","","","","","","","","","","","","","","","","","","","","","149"
"","","","","","","","","","D-DWG-PWG-011.2","D-DWG-PWG-011.2","7579","7624.121","4","45.1210000000001","PWG","","","","","","","","","","","","","","","","","","","","","","","","","","","","","","","150"
"","","","","","","","","","D-DWG-PWG-011.2","D-DWG-PWG-012.2","7624.121","7725.73","1A","101.609","PWG","","","","","","","","","","","","","","","","","","","","","","","","","","","","","","","151"
"","","","","","","","","","D-DWG-PWG-012.2","D-DWG-PWG-012.2","7725.73","7742.01","7","16.2800000000007","PWG","","","","","","","","","","","","","","","","","","","","","","","","","","","","","","","152"
"","","","","","","","","","D-DWG-PWG-012.2","D-DWG-PWG-012.2","7742.01","7939.101","1A","197.090999999999","PWG","","","","","","","","","","","","","","","","","","","","","","","","","","","","","","","153"
"","","","","","","","","","D-DWG-PWG-012.2","D-DWG-PWG-012.2","7939.101","7941.464","4","2.36300000000028","PWG","","","","","","","","","","","","","","","","","","","","","","","","","","","","","","","154"
"","","","","","","","","","D-DWG-PWG-012.2","D-DWG-PWG-012.2","7941.464","8288.124","1A","346.66","PWG","","","","","","","","","","","","","","","","","","","","","","","","","","","","","","","155"
"","","","","","","","","","D-DWG-PWG-012.2","D-DWG-PWG-012.2","8288.124","8315.201","8A","27.0769999999993","PWG","","","","","","","","","","","","","","","","","","","","","","","","","","","","","","","156"
"","","","","","","","","","D-DWG-PWG-012.2","D-DWG-PWG-012.2","8315.201","8323.259","1A","8.0580000000009","PWG","","","","","","","","","","","","","","","","","","","","","","","","","","","","","","","157"
"","","","","","","","","","D-DWG-PWG-012.2","D-DWG-PWG-012.2","8323.259","8335.614","4","12.3549999999996","PWG","","","","","","","","","","","","","","","","","","","","","","","","","","","","","","","158"
"","","","","","","","","","D-DWG-PWG-012.2","D-DWG-PWG-013.2","8335.614","8400.622","8A","65.0079999999998","PWG","","","","","","","","","","","","","","","","","","","","","","","","","","","","","","","159"
"","","","","","","","","","D-DWG-PWG-013.2","D-DWG-PWG-013.2","8400.622","8427.328","1A","26.7060000000001","PWG","","","","","","","","","","","","","","","","","","","","","","","","","","","","","","","160"
"","","","","","","","","","D-DWG-PWG-013.2","D-DWG-PWG-013.2","8427.328","8465.757","4","38.4290000000001","PWG","","","","","","","","","","","","","","","","","","","","","","","","","","","","","","","161"
"","","","","","","","","","D-DWG-PWG-013.2","D-DWG-PWG-013.2","8465.757","8488.53","1A","22.7730000000011","PWG","","","","","","","","","","","","","","","","","","","","","","","","","","","","","","","162"
"","","","","","","","","","D-DWG-PWG-013.2","D-DWG-PWG-013.2","8488.53","8542.069","8A","53.5389999999989","PWG","","","","","","","","","","","","","","","","","","","","","","","","","","","","","","","163"
"","","","","","","","","","D-DWG-PWG-013.2","D-DWG-PWG-013.2","8542.069","8545.354","4","3.28499999999985","PWG","","","","","","","","","","","","","","","","","","","","","","","","","","","","","","","164"
"","","","","","","","","","D-DWG-PWG-013.2","D-DWG-PWG-013.2","8545.354","8584.129","1A","38.7750000000015","PWG","","","","","","","","","","","","","","","","","","","","","","","","","","","","","","","165"
"","","","","","","","","","D-DWG-PWG-013.2","D-DWG-PWG-013.2","8584.129","8605.285","7","21.155999999999","PWG","","","","","","","","","","","","","","","","","","","","","","","","","","","","","","","166"
"","","","","","","","","","D-DWG-PWG-013.2","D-DWG-PWG-013.2","8605.285","8610.275","4&7","4.98999999999978","PWG","","","","","","","","","","","","","","","","","","","","","","","","","","","","","","","167"
"","","","","","","","","","D-DWG-PWG-013.2","D-DWG-PWG-013.2","8610.275","8613.442","7","3.16699999999946","PWG","","","","","","","","","","","","","","","","","","","","","","","","","","","","","","","168"
"","","","","","","","","","D-DWG-PWG-013.2","D-DWG-PWG-013.2","8613.442","8692.124","1A","78.6820000000007","PWG","","","","","","","","","","","","","","","","","","","","","","","","","","","","","","","169"
"","","","","","","","","","D-DWG-PWG-013.2","D-DWG-PWG-013.2","8692.124","8706.792","4","14.6679999999997","PWG","","","","","","","","","","","","","","","","","","","","","","","","","","","","","","","170"
"","","","","","","","","","D-DWG-PWG-013.2","D-DWG-PWG-013.2","8706.792","8808.151","1A","101.359","PWG","","","","","","","","","","","","","","","","","","","","","","","","","","","","","","","171"
"","","","","","","","","","D-DWG-PWG-013.2","D-DWG-PWG-013.2","8808.151","8858.11","7","49.9590000000007","PWG","","","","","","","","","","","","","","","","","","","","","","","","","","","","","","","172"
"","","","","","","","","","D-DWG-PWG-013.2","D-DWG-PWG-013.2","8858.11","9100","1A","241.889999999999","PWG","","","","","","","","","","","","","","","","","","","","","","","","","","","","","","","173"
"","","","","","","","","","D-DWG-PWG-014.2","D-DWG-PWG-014.2","9100","9154.955","7","54.9549999999999","PWG","","","","","","","","","","","","","","","","","","","","","","","","","","","","","","","174"
"","","","","","","","","","D-DWG-PWG-014.2","D-DWG-PWG-018.2","9154.955","12307.423","1A","3152.468","PWG","","","","","","","","","","","","","","","","","","","","","","","","","","","","","","","175"
"","","","","","","","","","D-DWG-PWG-018.2","D-DWG-PWG-018.2","12307.423","12320.895","6","13.4719999999998","PWG","","","","","","","","","","","","","","","","","","","","","","","","","","","","","","","176"
"","","","","","","","","","D-DWG-PWG-018.2","D-DWG-PWG-019.2","12320.895","12720.22","1A","399.324999999999","PWG","","","","","","","","","","","","","","","","","","","","","","","","","","","","","","","177"
"","","","","","","","","","D-DWG-PWG-019.2","D-DWG-PWG-019.2","12720.22","12734.864","8A","14.6440000000002","PWG","","","","","","","","","","","","","","","","","","","","","","","","","","","","","","","178"
"","","","","","","","","","D-DWG-PWG-019.2","D-DWG-PWG-019.2","12734.864","13218.214","1A","483.35","PWG","","","","","","","","","","","","","","","","","","","","","","","","","","","","","","","179"
"","","","","","","","","","D-DWG-PWG-019.2","D-DWG-PWG-019.2","13218.214","13247.005","8A","28.7909999999993","PWG","","","","","","","","","","","","","","","","","","","","","","","","","","","","","","","180"
"","","","","","","","","","D-DWG-PWG-019.2","D-DWG-PWG-020.2","13247.005","13622.356","1A","375.351000000001","PWG","","","","","","","","","","","","","","","","","","","","","","","","","","","","","","","181"
"","","","","","","","","","D-DWG-PWG-020.2","D-DWG-PWG-020.2","13622.356","13637.356","2","15","PWG","","","","","","","","","","","","","","","","","","","","","","","","","","","","","","","182"
"","","","","","","","","","D-DWG-PWG-020.2","D-DWG-PWG-021.2","13637.356","14060.93","1A","423.574000000001","PWG","","","","","","","","","","","","","","","","","","","","","","","","","","","","","","","183"
"","","","","","","","","","D-DWG-PWG-021.2","D-DWG-PWG-021.2","14060.93","14076.214","1B/1C","15.2839999999997","PWG","","","","","","","","","","","","","","","","","","","","","","","","","","","","","","","184"
"","","","","","","","","","D-DWG-PWG-021.2","D-DWG-PWG-021.2","14076.214","14139.442","5","63.2279999999992","PWG","","","","","","","","","","","","","","","","","","","","","","","","","","","","","","","185"
"","","","","","","","","","D-DWG-PWG-021.2","D-DWG-PWG-021.2","14139.442","14178.758","1B/1C","39.3160000000007","PWG","","","","","","","","","","","","","","","","","","","","","","","","","","","","","","","186"
"","","","","","","","","","D-DWG-PWG-021.2","D-DWG-PWG-021.2","14178.758","14224.068","5","45.3099999999995","PWG","","","","","","","","","","","","","","","","","","","","","","","","","","","","","","","187"
"","","","","","","","","","D-DWG-PWG-021.2","D-DWG-PWG-021.2","14224.068","14259.827","1B/1C","35.759","PWG","","","","","","","","","","","","","","","","","","","","","","","","","","","","","","","188"
"","","","","","","","","","D-DWG-PWG-021.2","D-DWG-PWG-021.2","14259.827","14304.298","1A","44.4710000000014","PWG","","","","","","","","","","","","","","","","","","","","","","","","","","","","","","","189"
"","","","","","","","","","D-DWG-PWG-021.2","D-DWG-PWG-021.2","14304.298","14374.64","4","70.3419999999987","PWG","","","","","","","","","","","","","","","","","","","","","","","","","","","","","","","190"
"","","","","","","","","","D-DWG-PWG-021.2","D-DWG-PWG-021.2","14374.64","14402.293","1A","27.6530000000003","PWG","","","","","","","","","","","","","","","","","","","","","","","","","","","","","","","191"
"","","","","","","","","","D-DWG-PWG-021.2","D-DWG-PWG-021.2","14402.293","14410.112","4","7.81899999999951","PWG","","","","","","","","","","","","","","","","","","","","","","","","","","","","","","","192"
"","","","","","","","","","D-DWG-PWG-021.2","D-DWG-PWG-021.2","14410.112","14525.498","1A","115.386","PWG","","","","","","","","","","","","","","","","","","","","","","","","","","","","","","","193"
"","","","","","","","","","D-DWG-PWG-021.2","D-DWG-PWG-021.2","14525.498","14572.298","8A","46.8000000000011","PWG","","","","","","","","","","","","","","","","","","","","","","","","","","","","","","","194"
"","","","","","","","","","D-DWG-PWG-021.2","D-DWG-PWG-024.2","14572.298","16409.05","1A","1836.752","PWG","","","","","","","","","","","","","","","","","","","","","","","","","","","","","","","195"
"","","","","","","","","","D-DWG-PWG-024.2","D-DWG-PWG-024.2","16409.05","16429.262","7","20.2119999999995","PWG","","","","","","","","","","","","","","","","","","","","","","","","","","","","","","","196"
"","","","","","","","","","D-DWG-PWG-024.2","D-DWG-PWG-026.2","16429.262","18150.734","1A","1721.472","PWG","","","","","","","","","","","","","","","","","","","","","","","","","","","","","","","197"
"","","","","","","","","","D-DWG-PWG-026.2","D-DWG-PWG-026.2","18150.734","18166.781","8A","16.0469999999987","PWG","","","","","","","","","","","","","","","","","","","","","","","","","","","","","","","198"
"","","","","","","","","","D-DWG-PWG-026.2","D-DWG-PWG-027.2","18166.781","18217.47","1A","50.6890000000021","PWG","","","","","","","","","","","","","","","","","","","","","","","","","","","","","","","199"
"","","","","","","","","","D-DWG-PWG-027.2","D-DWG-PWG-027.2","18217.47","18231.348","6","13.8780000000006","PWG","","","","","","","","","","","","","","","","","","","","","","","","","","","","","","","200"
"","","","","","","","","","D-DWG-PWG-027.2","D-DWG-PWG-032.2","18231.348","22319.185","1A","4087.837","PWG","","","","","","","","","","","","","","","","","","","","","","","","","","","","","","","201"
"","","","","","","","","","D-DWG-PWG-032.2","D-DWG-PWG-032.2","22319.185","22360.55","5","41.364999999998","PWG","","","","","","","","","","","","","","","","","","","","","","","","","","","","","","","202"
"","","","","","","","","","D-DWG-PWG-032.2","D-DWG-PWG-036.2","22360.55","24944.548","1A","2583.998","PWG","","","","","","","","","","","","","","","","","","","","","","","","","","","","","","","203"
"","","","","","","","","","D-DWG-PWG-036.2","D-DWG-PWG-036.2","24944.548","24954.52","1B/1C","9.97200000000157","PWG","","","","","","","","","","","","","","","","","","","","","","","","","","","","","","","204"
"","","","","","","","","","D-DWG-PWG-036.2","D-DWG-PWG-036.2","24954.52","25018.345","5","63.8250000000007","PWG","","","","","","","","","","","","","","","","","","","","","","","","","","","","","","","205"
"","","","","","","","","","D-DWG-PWG-036.2","D-DWG-PWG-036.2","25018.345","25052.461","1B/1C","34.1159999999982","PWG","","","","","","","","","","","","","","","","","","","","","","","","","","","","","","","206"
"","","","","","","","","","D-DWG-PWG-036.2","D-DWG-PWG-038.2","25052.461","26010.44","1A","957.978999999999","PWG","","","","","","","","","","","","","","","","","","","","","","","","","","","","","","","207"
"","","","","","","","","","D-DWG-PWG-038.2","D-DWG-PWG-038.2","26010.44","26026.47","6","16.0300000000025","PWG","","","","","","","","","","","","","","","","","","","","","","","","","","","","","","","208"
"","","","","","","","","","D-DWG-PWG-038.2","D-DWG-PWG-038.2","26026.47","26252.108","1A","225.637999999999","PWG","","","","","","","","","","","","","","","","","","","","","","","","","","","","","","","209"
"","","","","","","","","","D-DWG-PWG-038.2","D-DWG-PWG-038.2","26252.108","26283.028","8A","30.9199999999983","PWG","","","","","","","","","","","","","","","","","","","","","","","","","","","","","","","210"
"","","","","","","","","","D-DWG-PWG-038.2","D-DWG-PWG-039.2","26283.028","26988.368","1A","705.34","PWG","","","","","","","","","","","","","","","","","","","","","","","","","","","","","","","211"
"","","","","","","","","","D-DWG-PWG-039.2","D-DWG-PWG-039.2","26988.368","27002.147","4","13.7790000000023","PWG","","","","","","","","","","","","","","","","","","","","","","","","","","","","","","","212"
"","","","","","","","","","D-DWG-PWG-039.2","D-DWG-PWG-039.2","27002.147","27012.465","1A","10.3179999999993","PWG","","","","","","","","","","","","","","","","","","","","","","","","","","","","","","","213"
